[0.000000] (-) TimerEvent: {}
[0.000831] (my_imu) JobQueued: {'identifier': 'my_imu', 'dependencies': OrderedDict()}
[0.001001] (my_motor) JobQueued: {'identifier': 'my_motor', 'dependencies': OrderedDict()}
[0.001039] (recognition) JobQueued: {'identifier': 'recognition', 'dependencies': OrderedDict()}
[0.001228] (ros_tcp_endpoint) JobQueued: {'identifier': 'ros_tcp_endpoint', 'dependencies': OrderedDict()}
[0.001300] (track_drive) JobQueued: {'identifier': 'track_drive', 'dependencies': OrderedDict()}
[0.001332] (xycar_msgs) JobQueued: {'identifier': 'xycar_msgs', 'dependencies': OrderedDict()}
[0.001407] (kookmin9_viewer) JobQueued: {'identifier': 'kookmin9_viewer', 'dependencies': OrderedDict([('xycar_msgs', '/home/qkenrrltk2/xycar_ws/src/install/xycar_msgs')])}
[0.001483] (my_cam) JobQueued: {'identifier': 'my_cam', 'dependencies': OrderedDict([('recognition', '/home/qkenrrltk2/xycar_ws/src/install/recognition'), ('xycar_msgs', '/home/qkenrrltk2/xycar_ws/src/install/xycar_msgs')])}
[0.001538] (my_lidar) JobQueued: {'identifier': 'my_lidar', 'dependencies': OrderedDict([('xycar_msgs', '/home/qkenrrltk2/xycar_ws/src/install/xycar_msgs')])}
[0.001686] (xycar_msgs) JobStarted: {'identifier': 'xycar_msgs'}
[0.008548] (recognition) JobStarted: {'identifier': 'recognition'}
[0.014466] (my_imu) JobStarted: {'identifier': 'my_imu'}
[0.018975] (my_motor) JobStarted: {'identifier': 'my_motor'}
[0.025141] (ros_tcp_endpoint) JobStarted: {'identifier': 'ros_tcp_endpoint'}
[0.030311] (track_drive) JobStarted: {'identifier': 'track_drive'}
[0.035863] (xycar_msgs) JobProgress: {'identifier': 'xycar_msgs', 'progress': 'cmake'}
[0.036872] (xycar_msgs) JobProgress: {'identifier': 'xycar_msgs', 'progress': 'build'}
[0.036984] (xycar_msgs) Command: {'cmd': ['/usr/bin/cmake', '--build', '/home/qkenrrltk2/xycar_ws/src/build/xycar_msgs', '--', '-j24', '-l24'], 'cwd': '/home/qkenrrltk2/xycar_ws/src/build/xycar_msgs', 'env': OrderedDict([('LESSOPEN', '| /usr/bin/lesspipe %s'), ('USER', 'qkenrrltk2'), ('ROS_NAMESPACE', 'xycar'), ('SHLVL', '1'), ('LD_LIBRARY_PATH', '/home/qkenrrltk2/xycar_ws/src/install/xycar_msgs/lib:/home/qkenrrltk2/xycar_ws/install/xycar_msgs/lib:/opt/ros/humble/opt/rviz_ogre_vendor/lib:/opt/ros/humble/lib/x86_64-linux-gnu:/opt/ros/humble/lib'), ('WT_PROFILE_ID', '{61c54bbd-c2c6-5271-96e7-009a87ff44bf}'), ('HOME', '/home/qkenrrltk2'), ('OLDPWD', '/home/qkenrrltk2/xycar_ws'), ('ROS_PYTHON_VERSION', '3'), ('DBUS_SESSION_BUS_ADDRESS', 'unix:path=/run/user/1000/bus'), ('WSL_DISTRO_NAME', 'Ubuntu-22.04'), ('_colcon_cd_root', '/home/qkenrrltk2/xycar_ws'), ('WAYLAND_DISPLAY', 'wayland-0'), ('COLCON_PREFIX_PATH', '/home/qkenrrltk2/xycar_ws/src/install:/home/qkenrrltk2/xycar_ws/install'), ('ROS_DISTRO', 'humble'), ('LOGNAME', 'qkenrrltk2'), ('NAME', 'localhost'), ('WSL_INTEROP', '/run/WSL/449_interop'), ('PULSE_SERVER', 'unix:/mnt/wslg/PulseServer'), ('_', '/usr/bin/colcon'), ('ROS_VERSION', '2'), ('TERM', 'xterm-256color'), ('ROS_LOCALHOST_ONLY', '0'), ('PATH', '/home/qkenrrltk2/.local/bin:/opt/ros/humble/bin:/usr/local/sbin:/usr/local/bin:/usr/sbin:/usr/bin:/sbin:/bin:/usr/games:/usr/local/games:/usr/lib/wsl/lib:/mnt/c/WINDOWS/system32:/mnt/c/WINDOWS:/mnt/c/WINDOWS/System32/Wbem:/mnt/c/WINDOWS/System32/WindowsPowerShell/v1.0/:/mnt/c/WINDOWS/System32/OpenSSH/:/mnt/c/Program Files/MATLAB/R2024a/bin:/mnt/c/msys64/ucrt64/bin:/mnt/c/Program Files (x86)/Windows Kits/10/Windows Performance Toolkit/:/mnt/c/Program Files (x86)/NVIDIA Corporation/PhysX/Common:/mnt/c/Program Files/NVIDIA Corporation/NVIDIA app/NvDLISR:/mnt/c/Program Files/dotnet/:/mnt/c/Users/PJH/AppData/Local/Programs/Python/Python313/Scripts/:/mnt/c/Users/PJH/AppData/Local/Programs/Python/Python313/:/mnt/c/Users/PJH/AppData/Local/Microsoft/WindowsApps:/mnt/c/Users/PJH/AppData/Local/afreeca:/mnt/c/Users/PJH/AppData/Local/SOOP:/mnt/c/Users/PJH/AppData/Local/Programs/Microsoft VS Code/bin:/snap/bin:/home/qkenrrltk2/.local/bin'), ('WT_SESSION', 'ae539ccc-3b6e-409e-b343-ae95bdb8b06a'), ('XDG_RUNTIME_DIR', '/run/user/1000'), ('DISPLAY', ':0'), ('LANG', 'C.UTF-8'), ('LS_COLORS', 'rs=0:di=01;34:ln=01;36:mh=00:pi=40;33:so=01;35:do=01;35:bd=40;33;01:cd=40;33;01:or=40;31;01:mi=00:su=37;41:sg=30;43:ca=30;41:tw=30;42:ow=34;42:st=37;44:ex=01;32:*.tar=01;31:*.tgz=01;31:*.arc=01;31:*.arj=01;31:*.taz=01;31:*.lha=01;31:*.lz4=01;31:*.lzh=01;31:*.lzma=01;31:*.tlz=01;31:*.txz=01;31:*.tzo=01;31:*.t7z=01;31:*.zip=01;31:*.z=01;31:*.dz=01;31:*.gz=01;31:*.lrz=01;31:*.lz=01;31:*.lzo=01;31:*.xz=01;31:*.zst=01;31:*.tzst=01;31:*.bz2=01;31:*.bz=01;31:*.tbz=01;31:*.tbz2=01;31:*.tz=01;31:*.deb=01;31:*.rpm=01;31:*.jar=01;31:*.war=01;31:*.ear=01;31:*.sar=01;31:*.rar=01;31:*.alz=01;31:*.ace=01;31:*.zoo=01;31:*.cpio=01;31:*.7z=01;31:*.rz=01;31:*.cab=01;31:*.wim=01;31:*.swm=01;31:*.dwm=01;31:*.esd=01;31:*.jpg=01;35:*.jpeg=01;35:*.mjpg=01;35:*.mjpeg=01;35:*.gif=01;35:*.bmp=01;35:*.pbm=01;35:*.pgm=01;35:*.ppm=01;35:*.tga=01;35:*.xbm=01;35:*.xpm=01;35:*.tif=01;35:*.tiff=01;35:*.png=01;35:*.svg=01;35:*.svgz=01;35:*.mng=01;35:*.pcx=01;35:*.mov=01;35:*.mpg=01;35:*.mpeg=01;35:*.m2v=01;35:*.mkv=01;35:*.webm=01;35:*.webp=01;35:*.ogm=01;35:*.mp4=01;35:*.m4v=01;35:*.mp4v=01;35:*.vob=01;35:*.qt=01;35:*.nuv=01;35:*.wmv=01;35:*.asf=01;35:*.rm=01;35:*.rmvb=01;35:*.flc=01;35:*.avi=01;35:*.fli=01;35:*.flv=01;35:*.gl=01;35:*.dl=01;35:*.xcf=01;35:*.xwd=01;35:*.yuv=01;35:*.cgm=01;35:*.emf=01;35:*.ogv=01;35:*.ogx=01;35:*.aac=00;36:*.au=00;36:*.flac=00;36:*.m4a=00;36:*.mid=00;36:*.midi=00;36:*.mka=00;36:*.mp3=00;36:*.mpc=00;36:*.ogg=00;36:*.ra=00;36:*.wav=00;36:*.oga=00;36:*.opus=00;36:*.spx=00;36:*.xspf=00;36:'), ('ROS_DOMAIN_ID', '7'), ('AMENT_PREFIX_PATH', '/home/qkenrrltk2/xycar_ws/src/install/my_lidar:/home/qkenrrltk2/xycar_ws/src/install/my_cam:/home/qkenrrltk2/xycar_ws/src/install/kookmin9_viewer:/home/qkenrrltk2/xycar_ws/src/install/xycar_msgs:/home/qkenrrltk2/xycar_ws/src/install/track_drive:/home/qkenrrltk2/xycar_ws/src/install/ros_tcp_endpoint:/home/qkenrrltk2/xycar_ws/src/install/recognition:/home/qkenrrltk2/xycar_ws/src/install/my_motor:/home/qkenrrltk2/xycar_ws/src/install/my_imu:/home/qkenrrltk2/xycar_ws/install/my_lidar:/home/qkenrrltk2/xycar_ws/install/my_cam:/home/qkenrrltk2/xycar_ws/install/kookmin9_viewer:/home/qkenrrltk2/xycar_ws/install/xycar_msgs:/home/qkenrrltk2/xycar_ws/install/track_drive:/home/qkenrrltk2/xycar_ws/install/ros_tcp_endpoint:/home/qkenrrltk2/xycar_ws/install/my_motor:/home/qkenrrltk2/xycar_ws/install/my_imu:/opt/ros/humble'), ('SHELL', '/bin/bash'), ('LESSCLOSE', '/usr/bin/lesspipe %s %s'), ('PWD', '/home/qkenrrltk2/xycar_ws/src/build/xycar_msgs'), ('XDG_DATA_DIRS', '/usr/local/share:/usr/share:/var/lib/snapd/desktop'), ('PYTHONPATH', '/home/qkenrrltk2/xycar_ws/src/install/my_lidar/lib/python3.10/site-packages:/home/qkenrrltk2/xycar_ws/src/install/my_cam/lib/python3.10/site-packages:/home/qkenrrltk2/xycar_ws/src/install/kookmin9_viewer/lib/python3.10/site-packages:/home/qkenrrltk2/xycar_ws/src/install/xycar_msgs/local/lib/python3.10/dist-packages:/home/qkenrrltk2/xycar_ws/src/install/track_drive/lib/python3.10/site-packages:/home/qkenrrltk2/xycar_ws/src/install/ros_tcp_endpoint/lib/python3.10/site-packages:/home/qkenrrltk2/xycar_ws/src/install/recognition/lib/python3.10/site-packages:/home/qkenrrltk2/xycar_ws/src/install/my_motor/lib/python3.10/site-packages:/home/qkenrrltk2/xycar_ws/src/install/my_imu/lib/python3.10/site-packages:/home/qkenrrltk2/xycar_ws/install/my_lidar/lib/python3.10/site-packages:/home/qkenrrltk2/xycar_ws/install/my_cam/lib/python3.10/site-packages:/home/qkenrrltk2/xycar_ws/install/kookmin9_viewer/lib/python3.10/site-packages:/home/qkenrrltk2/xycar_ws/install/xycar_msgs/local/lib/python3.10/dist-packages:/home/qkenrrltk2/xycar_ws/install/track_drive/lib/python3.10/site-packages:/home/qkenrrltk2/xycar_ws/install/ros_tcp_endpoint/lib/python3.10/site-packages:/home/qkenrrltk2/xycar_ws/install/my_motor/lib/python3.10/site-packages:/home/qkenrrltk2/xycar_ws/install/my_imu/lib/python3.10/site-packages:/opt/ros/humble/lib/python3.10/site-packages:/opt/ros/humble/local/lib/python3.10/dist-packages'), ('COLCON', '1'), ('WSL2_GUI_APPS_ENABLED', '1'), ('HOSTTYPE', 'x86_64'), ('CMAKE_PREFIX_PATH', '/home/qkenrrltk2/xycar_ws/src/install/xycar_msgs:/home/qkenrrltk2/xycar_ws/install/xycar_msgs:/home/qkenrrltk2/xycar_ws/src/install/my_lidar:/home/qkenrrltk2/xycar_ws/src/install/my_cam:/home/qkenrrltk2/xycar_ws/src/install/kookmin9_viewer:/home/qkenrrltk2/xycar_ws/src/install/track_drive:/home/qkenrrltk2/xycar_ws/src/install/ros_tcp_endpoint:/home/qkenrrltk2/xycar_ws/src/install/recognition:/home/qkenrrltk2/xycar_ws/src/install/my_motor:/home/qkenrrltk2/xycar_ws/src/install/my_imu:/home/qkenrrltk2/xycar_ws/install/my_lidar:/home/qkenrrltk2/xycar_ws/install/my_cam:/home/qkenrrltk2/xycar_ws/install/kookmin9_viewer:/home/qkenrrltk2/xycar_ws/install/track_drive:/home/qkenrrltk2/xycar_ws/install/ros_tcp_endpoint:/home/qkenrrltk2/xycar_ws/install/my_motor:/home/qkenrrltk2/xycar_ws/install/my_imu:/opt/ros/humble'), ('WSLENV', 'WT_SESSION:WT_PROFILE_ID:')]), 'shell': False}
[0.099851] (-) TimerEvent: {}
[0.200536] (-) TimerEvent: {}
[0.302733] (-) TimerEvent: {}
[0.404931] (-) TimerEvent: {}
[0.506156] (-) TimerEvent: {}
[0.608380] (-) TimerEvent: {}
[0.710540] (-) TimerEvent: {}
[0.812729] (-) TimerEvent: {}
[0.875657] (xycar_msgs) StdoutLine: {'line': b'\x1b[35m\x1b[1mConsolidate compiler generated dependencies of target xycar_msgs__rosidl_generator_c\x1b[0m\n'}
[0.876885] (xycar_msgs) StdoutLine: {'line': b'[  5%] Built target xycar_msgs__rs\n'}
[0.877207] (xycar_msgs) StdoutLine: {'line': b'[  5%] Built target xycar_msgs__cpp\n'}
[0.877278] (xycar_msgs) StdoutLine: {'line': b'[ 15%] Built target xycar_msgs__rosidl_generator_c\n'}
[0.877477] (xycar_msgs) StdoutLine: {'line': b'[ 15%] Built target ament_cmake_python_copy_xycar_msgs\n'}
[0.877666] (xycar_msgs) StdoutLine: {'line': b'\x1b[35m\x1b[1mConsolidate compiler generated dependencies of target xycar_msgs__rosidl_typesupport_fastrtps_cpp\x1b[0m\n'}
[0.877750] (xycar_msgs) StdoutLine: {'line': b'\x1b[35m\x1b[1mConsolidate compiler generated dependencies of target xycar_msgs__rosidl_typesupport_cpp\x1b[0m\n'}
[0.877828] (xycar_msgs) StdoutLine: {'line': b'\x1b[35m\x1b[1mConsolidate compiler generated dependencies of target xycar_msgs__rosidl_typesupport_introspection_cpp\x1b[0m\n'}
[0.878171] (xycar_msgs) StdoutLine: {'line': b'\x1b[35m\x1b[1mConsolidate compiler generated dependencies of target xycar_msgs__rosidl_typesupport_c\x1b[0m\n'}
[0.878673] (xycar_msgs) StdoutLine: {'line': b'\x1b[35m\x1b[1mConsolidate compiler generated dependencies of target xycar_msgs__rosidl_typesupport_introspection_c\x1b[0m\n'}
[0.878834] (xycar_msgs) StdoutLine: {'line': b'\x1b[35m\x1b[1mConsolidate compiler generated dependencies of target xycar_msgs__rosidl_typesupport_fastrtps_c\x1b[0m\n'}
[0.878958] (xycar_msgs) StdoutLine: {'line': b'[ 25%] Built target xycar_msgs__rosidl_typesupport_fastrtps_cpp\n'}
[0.879155] (xycar_msgs) StdoutLine: {'line': b'[ 35%] Built target xycar_msgs__rosidl_typesupport_cpp\n'}
[0.879415] (xycar_msgs) StdoutLine: {'line': b'[ 55%] Built target xycar_msgs__rosidl_typesupport_fastrtps_c\n'}
[0.879999] (xycar_msgs) StdoutLine: {'line': b'[ 55%] Built target xycar_msgs__rosidl_typesupport_introspection_c\n'}
[0.880055] (xycar_msgs) StdoutLine: {'line': b'[ 65%] Built target xycar_msgs__rosidl_typesupport_introspection_cpp\n'}
[0.880097] (xycar_msgs) StdoutLine: {'line': b'[ 75%] Built target xycar_msgs__rosidl_typesupport_c\n'}
[0.880138] (xycar_msgs) StdoutLine: {'line': b'[ 75%] Built target xycar_msgs\n'}
[0.880177] (xycar_msgs) StdoutLine: {'line': b'[ 77%] Built target xycar_msgs__py\n'}
[0.880217] (xycar_msgs) StdoutLine: {'line': b'\x1b[35m\x1b[1mConsolidate compiler generated dependencies of target xycar_msgs__rosidl_generator_py\x1b[0m\n'}
[0.880287] (xycar_msgs) StdoutLine: {'line': b'[ 85%] Built target xycar_msgs__rosidl_generator_py\n'}
[0.880389] (xycar_msgs) StdoutLine: {'line': b'\x1b[35m\x1b[1mConsolidate compiler generated dependencies of target xycar_msgs__rosidl_typesupport_c__pyext\x1b[0m\n'}
[0.880479] (xycar_msgs) StdoutLine: {'line': b'\x1b[35m\x1b[1mConsolidate compiler generated dependencies of target xycar_msgs__rosidl_typesupport_introspection_c__pyext\x1b[0m\n'}
[0.880533] (xycar_msgs) StdoutLine: {'line': b'\x1b[35m\x1b[1mConsolidate compiler generated dependencies of target xycar_msgs__rosidl_typesupport_fastrtps_c__pyext\x1b[0m\n'}
[0.880575] (xycar_msgs) StdoutLine: {'line': b'[ 95%] Built target xycar_msgs__rosidl_typesupport_fastrtps_c__pyext\n'}
[0.880615] (xycar_msgs) StdoutLine: {'line': b'[ 92%] Built target xycar_msgs__rosidl_typesupport_c__pyext\n'}
[0.880655] (xycar_msgs) StdoutLine: {'line': b'[100%] Built target xycar_msgs__rosidl_typesupport_introspection_c__pyext\n'}
[0.880693] (xycar_msgs) StdoutLine: {'line': b'running egg_info\n'}
[0.880731] (xycar_msgs) StdoutLine: {'line': b'writing xycar_msgs.egg-info/PKG-INFO\n'}
[0.880771] (xycar_msgs) StdoutLine: {'line': b'writing dependency_links to xycar_msgs.egg-info/dependency_links.txt\n'}
[0.880815] (xycar_msgs) StdoutLine: {'line': b'writing top-level names to xycar_msgs.egg-info/top_level.txt\n'}
[0.880857] (xycar_msgs) StdoutLine: {'line': b"reading manifest file 'xycar_msgs.egg-info/SOURCES.txt'\n"}
[0.880897] (xycar_msgs) StdoutLine: {'line': b"writing manifest file 'xycar_msgs.egg-info/SOURCES.txt'\n"}
[0.880938] (xycar_msgs) StdoutLine: {'line': b'[100%] Built target ament_cmake_python_build_xycar_msgs_egg\n'}
[0.912854] (-) TimerEvent: {}
[1.014698] (-) TimerEvent: {}
[1.081983] (xycar_msgs) CommandEnded: {'returncode': 0}
[1.083187] (xycar_msgs) JobProgress: {'identifier': 'xycar_msgs', 'progress': 'install'}
[1.088761] (xycar_msgs) Command: {'cmd': ['/usr/bin/cmake', '--install', '/home/qkenrrltk2/xycar_ws/src/build/xycar_msgs'], 'cwd': '/home/qkenrrltk2/xycar_ws/src/build/xycar_msgs', 'env': OrderedDict([('LESSOPEN', '| /usr/bin/lesspipe %s'), ('USER', 'qkenrrltk2'), ('ROS_NAMESPACE', 'xycar'), ('SHLVL', '1'), ('LD_LIBRARY_PATH', '/home/qkenrrltk2/xycar_ws/src/install/xycar_msgs/lib:/home/qkenrrltk2/xycar_ws/install/xycar_msgs/lib:/opt/ros/humble/opt/rviz_ogre_vendor/lib:/opt/ros/humble/lib/x86_64-linux-gnu:/opt/ros/humble/lib'), ('WT_PROFILE_ID', '{61c54bbd-c2c6-5271-96e7-009a87ff44bf}'), ('HOME', '/home/qkenrrltk2'), ('OLDPWD', '/home/qkenrrltk2/xycar_ws'), ('ROS_PYTHON_VERSION', '3'), ('DBUS_SESSION_BUS_ADDRESS', 'unix:path=/run/user/1000/bus'), ('WSL_DISTRO_NAME', 'Ubuntu-22.04'), ('_colcon_cd_root', '/home/qkenrrltk2/xycar_ws'), ('WAYLAND_DISPLAY', 'wayland-0'), ('COLCON_PREFIX_PATH', '/home/qkenrrltk2/xycar_ws/src/install:/home/qkenrrltk2/xycar_ws/install'), ('ROS_DISTRO', 'humble'), ('LOGNAME', 'qkenrrltk2'), ('NAME', 'localhost'), ('WSL_INTEROP', '/run/WSL/449_interop'), ('PULSE_SERVER', 'unix:/mnt/wslg/PulseServer'), ('_', '/usr/bin/colcon'), ('ROS_VERSION', '2'), ('TERM', 'xterm-256color'), ('ROS_LOCALHOST_ONLY', '0'), ('PATH', '/home/qkenrrltk2/.local/bin:/opt/ros/humble/bin:/usr/local/sbin:/usr/local/bin:/usr/sbin:/usr/bin:/sbin:/bin:/usr/games:/usr/local/games:/usr/lib/wsl/lib:/mnt/c/WINDOWS/system32:/mnt/c/WINDOWS:/mnt/c/WINDOWS/System32/Wbem:/mnt/c/WINDOWS/System32/WindowsPowerShell/v1.0/:/mnt/c/WINDOWS/System32/OpenSSH/:/mnt/c/Program Files/MATLAB/R2024a/bin:/mnt/c/msys64/ucrt64/bin:/mnt/c/Program Files (x86)/Windows Kits/10/Windows Performance Toolkit/:/mnt/c/Program Files (x86)/NVIDIA Corporation/PhysX/Common:/mnt/c/Program Files/NVIDIA Corporation/NVIDIA app/NvDLISR:/mnt/c/Program Files/dotnet/:/mnt/c/Users/PJH/AppData/Local/Programs/Python/Python313/Scripts/:/mnt/c/Users/PJH/AppData/Local/Programs/Python/Python313/:/mnt/c/Users/PJH/AppData/Local/Microsoft/WindowsApps:/mnt/c/Users/PJH/AppData/Local/afreeca:/mnt/c/Users/PJH/AppData/Local/SOOP:/mnt/c/Users/PJH/AppData/Local/Programs/Microsoft VS Code/bin:/snap/bin:/home/qkenrrltk2/.local/bin'), ('WT_SESSION', 'ae539ccc-3b6e-409e-b343-ae95bdb8b06a'), ('XDG_RUNTIME_DIR', '/run/user/1000'), ('DISPLAY', ':0'), ('LANG', 'C.UTF-8'), ('LS_COLORS', 'rs=0:di=01;34:ln=01;36:mh=00:pi=40;33:so=01;35:do=01;35:bd=40;33;01:cd=40;33;01:or=40;31;01:mi=00:su=37;41:sg=30;43:ca=30;41:tw=30;42:ow=34;42:st=37;44:ex=01;32:*.tar=01;31:*.tgz=01;31:*.arc=01;31:*.arj=01;31:*.taz=01;31:*.lha=01;31:*.lz4=01;31:*.lzh=01;31:*.lzma=01;31:*.tlz=01;31:*.txz=01;31:*.tzo=01;31:*.t7z=01;31:*.zip=01;31:*.z=01;31:*.dz=01;31:*.gz=01;31:*.lrz=01;31:*.lz=01;31:*.lzo=01;31:*.xz=01;31:*.zst=01;31:*.tzst=01;31:*.bz2=01;31:*.bz=01;31:*.tbz=01;31:*.tbz2=01;31:*.tz=01;31:*.deb=01;31:*.rpm=01;31:*.jar=01;31:*.war=01;31:*.ear=01;31:*.sar=01;31:*.rar=01;31:*.alz=01;31:*.ace=01;31:*.zoo=01;31:*.cpio=01;31:*.7z=01;31:*.rz=01;31:*.cab=01;31:*.wim=01;31:*.swm=01;31:*.dwm=01;31:*.esd=01;31:*.jpg=01;35:*.jpeg=01;35:*.mjpg=01;35:*.mjpeg=01;35:*.gif=01;35:*.bmp=01;35:*.pbm=01;35:*.pgm=01;35:*.ppm=01;35:*.tga=01;35:*.xbm=01;35:*.xpm=01;35:*.tif=01;35:*.tiff=01;35:*.png=01;35:*.svg=01;35:*.svgz=01;35:*.mng=01;35:*.pcx=01;35:*.mov=01;35:*.mpg=01;35:*.mpeg=01;35:*.m2v=01;35:*.mkv=01;35:*.webm=01;35:*.webp=01;35:*.ogm=01;35:*.mp4=01;35:*.m4v=01;35:*.mp4v=01;35:*.vob=01;35:*.qt=01;35:*.nuv=01;35:*.wmv=01;35:*.asf=01;35:*.rm=01;35:*.rmvb=01;35:*.flc=01;35:*.avi=01;35:*.fli=01;35:*.flv=01;35:*.gl=01;35:*.dl=01;35:*.xcf=01;35:*.xwd=01;35:*.yuv=01;35:*.cgm=01;35:*.emf=01;35:*.ogv=01;35:*.ogx=01;35:*.aac=00;36:*.au=00;36:*.flac=00;36:*.m4a=00;36:*.mid=00;36:*.midi=00;36:*.mka=00;36:*.mp3=00;36:*.mpc=00;36:*.ogg=00;36:*.ra=00;36:*.wav=00;36:*.oga=00;36:*.opus=00;36:*.spx=00;36:*.xspf=00;36:'), ('ROS_DOMAIN_ID', '7'), ('AMENT_PREFIX_PATH', '/home/qkenrrltk2/xycar_ws/src/install/my_lidar:/home/qkenrrltk2/xycar_ws/src/install/my_cam:/home/qkenrrltk2/xycar_ws/src/install/kookmin9_viewer:/home/qkenrrltk2/xycar_ws/src/install/xycar_msgs:/home/qkenrrltk2/xycar_ws/src/install/track_drive:/home/qkenrrltk2/xycar_ws/src/install/ros_tcp_endpoint:/home/qkenrrltk2/xycar_ws/src/install/recognition:/home/qkenrrltk2/xycar_ws/src/install/my_motor:/home/qkenrrltk2/xycar_ws/src/install/my_imu:/home/qkenrrltk2/xycar_ws/install/my_lidar:/home/qkenrrltk2/xycar_ws/install/my_cam:/home/qkenrrltk2/xycar_ws/install/kookmin9_viewer:/home/qkenrrltk2/xycar_ws/install/xycar_msgs:/home/qkenrrltk2/xycar_ws/install/track_drive:/home/qkenrrltk2/xycar_ws/install/ros_tcp_endpoint:/home/qkenrrltk2/xycar_ws/install/my_motor:/home/qkenrrltk2/xycar_ws/install/my_imu:/opt/ros/humble'), ('SHELL', '/bin/bash'), ('LESSCLOSE', '/usr/bin/lesspipe %s %s'), ('PWD', '/home/qkenrrltk2/xycar_ws/src/build/xycar_msgs'), ('XDG_DATA_DIRS', '/usr/local/share:/usr/share:/var/lib/snapd/desktop'), ('PYTHONPATH', '/home/qkenrrltk2/xycar_ws/src/install/my_lidar/lib/python3.10/site-packages:/home/qkenrrltk2/xycar_ws/src/install/my_cam/lib/python3.10/site-packages:/home/qkenrrltk2/xycar_ws/src/install/kookmin9_viewer/lib/python3.10/site-packages:/home/qkenrrltk2/xycar_ws/src/install/xycar_msgs/local/lib/python3.10/dist-packages:/home/qkenrrltk2/xycar_ws/src/install/track_drive/lib/python3.10/site-packages:/home/qkenrrltk2/xycar_ws/src/install/ros_tcp_endpoint/lib/python3.10/site-packages:/home/qkenrrltk2/xycar_ws/src/install/recognition/lib/python3.10/site-packages:/home/qkenrrltk2/xycar_ws/src/install/my_motor/lib/python3.10/site-packages:/home/qkenrrltk2/xycar_ws/src/install/my_imu/lib/python3.10/site-packages:/home/qkenrrltk2/xycar_ws/install/my_lidar/lib/python3.10/site-packages:/home/qkenrrltk2/xycar_ws/install/my_cam/lib/python3.10/site-packages:/home/qkenrrltk2/xycar_ws/install/kookmin9_viewer/lib/python3.10/site-packages:/home/qkenrrltk2/xycar_ws/install/xycar_msgs/local/lib/python3.10/dist-packages:/home/qkenrrltk2/xycar_ws/install/track_drive/lib/python3.10/site-packages:/home/qkenrrltk2/xycar_ws/install/ros_tcp_endpoint/lib/python3.10/site-packages:/home/qkenrrltk2/xycar_ws/install/my_motor/lib/python3.10/site-packages:/home/qkenrrltk2/xycar_ws/install/my_imu/lib/python3.10/site-packages:/opt/ros/humble/lib/python3.10/site-packages:/opt/ros/humble/local/lib/python3.10/dist-packages'), ('COLCON', '1'), ('WSL2_GUI_APPS_ENABLED', '1'), ('HOSTTYPE', 'x86_64'), ('CMAKE_PREFIX_PATH', '/home/qkenrrltk2/xycar_ws/src/install/xycar_msgs:/home/qkenrrltk2/xycar_ws/install/xycar_msgs:/home/qkenrrltk2/xycar_ws/src/install/my_lidar:/home/qkenrrltk2/xycar_ws/src/install/my_cam:/home/qkenrrltk2/xycar_ws/src/install/kookmin9_viewer:/home/qkenrrltk2/xycar_ws/src/install/track_drive:/home/qkenrrltk2/xycar_ws/src/install/ros_tcp_endpoint:/home/qkenrrltk2/xycar_ws/src/install/recognition:/home/qkenrrltk2/xycar_ws/src/install/my_motor:/home/qkenrrltk2/xycar_ws/src/install/my_imu:/home/qkenrrltk2/xycar_ws/install/my_lidar:/home/qkenrrltk2/xycar_ws/install/my_cam:/home/qkenrrltk2/xycar_ws/install/kookmin9_viewer:/home/qkenrrltk2/xycar_ws/install/track_drive:/home/qkenrrltk2/xycar_ws/install/ros_tcp_endpoint:/home/qkenrrltk2/xycar_ws/install/my_motor:/home/qkenrrltk2/xycar_ws/install/my_imu:/opt/ros/humble'), ('WSLENV', 'WT_SESSION:WT_PROFILE_ID:')]), 'shell': False}
[1.097327] (xycar_msgs) StdoutLine: {'line': b'-- Install configuration: ""\n'}
[1.097561] (xycar_msgs) StdoutLine: {'line': b'-- Up-to-date: /home/qkenrrltk2/xycar_ws/src/install/xycar_msgs/share/ament_index/resource_index/rosidl_interfaces/xycar_msgs\n'}
[1.098024] (xycar_msgs) StdoutLine: {'line': b'-- Up-to-date: /home/qkenrrltk2/xycar_ws/src/install/xycar_msgs/include/xycar_msgs/xycar_msgs\n'}
[1.098104] (xycar_msgs) StdoutLine: {'line': b'-- Up-to-date: /home/qkenrrltk2/xycar_ws/src/install/xycar_msgs/include/xycar_msgs/xycar_msgs/msg\n'}
[1.098358] (xycar_msgs) StdoutLine: {'line': b'-- Up-to-date: /home/qkenrrltk2/xycar_ws/src/install/xycar_msgs/include/xycar_msgs/xycar_msgs/msg/xycar_motor.h\n'}
[1.098428] (xycar_msgs) StdoutLine: {'line': b'-- Up-to-date: /home/qkenrrltk2/xycar_ws/src/install/xycar_msgs/include/xycar_msgs/xycar_msgs/msg/rosidl_generator_c__visibility_control.h\n'}
[1.099294] (xycar_msgs) StdoutLine: {'line': b'-- Up-to-date: /home/qkenrrltk2/xycar_ws/src/install/xycar_msgs/include/xycar_msgs/xycar_msgs/msg/detail\n'}
[1.099397] (xycar_msgs) StdoutLine: {'line': b'-- Up-to-date: /home/qkenrrltk2/xycar_ws/src/install/xycar_msgs/include/xycar_msgs/xycar_msgs/msg/detail/xycar_ultrasonic__functions.c\n'}
[1.099446] (xycar_msgs) StdoutLine: {'line': b'-- Up-to-date: /home/qkenrrltk2/xycar_ws/src/install/xycar_msgs/include/xycar_msgs/xycar_msgs/msg/detail/xycar_motor__type_support.h\n'}
[1.100174] (xycar_msgs) StdoutLine: {'line': b'-- Up-to-date: /home/qkenrrltk2/xycar_ws/src/install/xycar_msgs/include/xycar_msgs/xycar_msgs/msg/detail/xycar_motor__functions.c\n'}
[1.100575] (xycar_msgs) StdoutLine: {'line': b'-- Up-to-date: /home/qkenrrltk2/xycar_ws/src/install/xycar_msgs/include/xycar_msgs/xycar_msgs/msg/detail/xycar_ultrasonic__type_support.h\n'}
[1.100764] (xycar_msgs) StdoutLine: {'line': b'-- Up-to-date: /home/qkenrrltk2/xycar_ws/src/install/xycar_msgs/include/xycar_msgs/xycar_msgs/msg/detail/xycar_ultrasonic__struct.h\n'}
[1.100837] (xycar_msgs) StdoutLine: {'line': b'-- Up-to-date: /home/qkenrrltk2/xycar_ws/src/install/xycar_msgs/include/xycar_msgs/xycar_msgs/msg/detail/xycar_motor__struct.h\n'}
[1.100900] (xycar_msgs) StdoutLine: {'line': b'-- Up-to-date: /home/qkenrrltk2/xycar_ws/src/install/xycar_msgs/include/xycar_msgs/xycar_msgs/msg/detail/xycar_motor__functions.h\n'}
[1.100960] (xycar_msgs) StdoutLine: {'line': b'-- Up-to-date: /home/qkenrrltk2/xycar_ws/src/install/xycar_msgs/include/xycar_msgs/xycar_msgs/msg/detail/xycar_ultrasonic__functions.h\n'}
[1.101033] (xycar_msgs) StdoutLine: {'line': b'-- Up-to-date: /home/qkenrrltk2/xycar_ws/src/install/xycar_msgs/include/xycar_msgs/xycar_msgs/msg/xycar_ultrasonic.h\n'}
[1.101092] (xycar_msgs) StdoutLine: {'line': b'-- Up-to-date: /home/qkenrrltk2/xycar_ws/src/install/xycar_msgs/share/xycar_msgs/environment/library_path.sh\n'}
[1.101149] (xycar_msgs) StdoutLine: {'line': b'-- Up-to-date: /home/qkenrrltk2/xycar_ws/src/install/xycar_msgs/share/xycar_msgs/environment/library_path.dsv\n'}
[1.101209] (xycar_msgs) StdoutLine: {'line': b'-- Up-to-date: /home/qkenrrltk2/xycar_ws/src/install/xycar_msgs/lib/libxycar_msgs__rosidl_generator_c.so\n'}
[1.101268] (xycar_msgs) StdoutLine: {'line': b'-- Up-to-date: /home/qkenrrltk2/xycar_ws/src/install/xycar_msgs/include/xycar_msgs/xycar_msgs\n'}
[1.101324] (xycar_msgs) StdoutLine: {'line': b'-- Up-to-date: /home/qkenrrltk2/xycar_ws/src/install/xycar_msgs/include/xycar_msgs/xycar_msgs/msg\n'}
[1.101382] (xycar_msgs) StdoutLine: {'line': b'-- Up-to-date: /home/qkenrrltk2/xycar_ws/src/install/xycar_msgs/include/xycar_msgs/xycar_msgs/msg/detail\n'}
[1.101446] (xycar_msgs) StdoutLine: {'line': b'-- Up-to-date: /home/qkenrrltk2/xycar_ws/src/install/xycar_msgs/include/xycar_msgs/xycar_msgs/msg/detail/xycar_motor__rosidl_typesupport_fastrtps_c.h\n'}
[1.101501] (xycar_msgs) StdoutLine: {'line': b'-- Up-to-date: /home/qkenrrltk2/xycar_ws/src/install/xycar_msgs/include/xycar_msgs/xycar_msgs/msg/detail/xycar_ultrasonic__rosidl_typesupport_fastrtps_c.h\n'}
[1.101556] (xycar_msgs) StdoutLine: {'line': b'-- Up-to-date: /home/qkenrrltk2/xycar_ws/src/install/xycar_msgs/include/xycar_msgs/xycar_msgs/msg/rosidl_typesupport_fastrtps_c__visibility_control.h\n'}
[1.101610] (xycar_msgs) StdoutLine: {'line': b'-- Up-to-date: /home/qkenrrltk2/xycar_ws/src/install/xycar_msgs/lib/libxycar_msgs__rosidl_typesupport_fastrtps_c.so\n'}
[1.101664] (xycar_msgs) StdoutLine: {'line': b'-- Up-to-date: /home/qkenrrltk2/xycar_ws/src/install/xycar_msgs/include/xycar_msgs/xycar_msgs\n'}
[1.101719] (xycar_msgs) StdoutLine: {'line': b'-- Up-to-date: /home/qkenrrltk2/xycar_ws/src/install/xycar_msgs/include/xycar_msgs/xycar_msgs/msg\n'}
[1.101776] (xycar_msgs) StdoutLine: {'line': b'-- Up-to-date: /home/qkenrrltk2/xycar_ws/src/install/xycar_msgs/include/xycar_msgs/xycar_msgs/msg/rosidl_typesupport_introspection_c__visibility_control.h\n'}
[1.101830] (xycar_msgs) StdoutLine: {'line': b'-- Up-to-date: /home/qkenrrltk2/xycar_ws/src/install/xycar_msgs/include/xycar_msgs/xycar_msgs/msg/detail\n'}
[1.101885] (xycar_msgs) StdoutLine: {'line': b'-- Up-to-date: /home/qkenrrltk2/xycar_ws/src/install/xycar_msgs/include/xycar_msgs/xycar_msgs/msg/detail/xycar_ultrasonic__rosidl_typesupport_introspection_c.h\n'}
[1.101939] (xycar_msgs) StdoutLine: {'line': b'-- Up-to-date: /home/qkenrrltk2/xycar_ws/src/install/xycar_msgs/include/xycar_msgs/xycar_msgs/msg/detail/xycar_motor__rosidl_typesupport_introspection_c.h\n'}
[1.101994] (xycar_msgs) StdoutLine: {'line': b'-- Up-to-date: /home/qkenrrltk2/xycar_ws/src/install/xycar_msgs/include/xycar_msgs/xycar_msgs/msg/detail/xycar_motor__type_support.c\n'}
[1.102048] (xycar_msgs) StdoutLine: {'line': b'-- Up-to-date: /home/qkenrrltk2/xycar_ws/src/install/xycar_msgs/include/xycar_msgs/xycar_msgs/msg/detail/xycar_ultrasonic__type_support.c\n'}
[1.102102] (xycar_msgs) StdoutLine: {'line': b'-- Up-to-date: /home/qkenrrltk2/xycar_ws/src/install/xycar_msgs/lib/libxycar_msgs__rosidl_typesupport_introspection_c.so\n'}
[1.102185] (xycar_msgs) StdoutLine: {'line': b'-- Up-to-date: /home/qkenrrltk2/xycar_ws/src/install/xycar_msgs/lib/libxycar_msgs__rosidl_typesupport_c.so\n'}
[1.102255] (xycar_msgs) StdoutLine: {'line': b'-- Up-to-date: /home/qkenrrltk2/xycar_ws/src/install/xycar_msgs/include/xycar_msgs/xycar_msgs\n'}
[1.102313] (xycar_msgs) StdoutLine: {'line': b'-- Up-to-date: /home/qkenrrltk2/xycar_ws/src/install/xycar_msgs/include/xycar_msgs/xycar_msgs/msg\n'}
[1.102368] (xycar_msgs) StdoutLine: {'line': b'-- Up-to-date: /home/qkenrrltk2/xycar_ws/src/install/xycar_msgs/include/xycar_msgs/xycar_msgs/msg/rosidl_generator_cpp__visibility_control.hpp\n'}
[1.102427] (xycar_msgs) StdoutLine: {'line': b'-- Up-to-date: /home/qkenrrltk2/xycar_ws/src/install/xycar_msgs/include/xycar_msgs/xycar_msgs/msg/detail\n'}
[1.102484] (xycar_msgs) StdoutLine: {'line': b'-- Up-to-date: /home/qkenrrltk2/xycar_ws/src/install/xycar_msgs/include/xycar_msgs/xycar_msgs/msg/detail/xycar_ultrasonic__type_support.hpp\n'}
[1.102542] (xycar_msgs) StdoutLine: {'line': b'-- Up-to-date: /home/qkenrrltk2/xycar_ws/src/install/xycar_msgs/include/xycar_msgs/xycar_msgs/msg/detail/xycar_ultrasonic__traits.hpp\n'}
[1.102599] (xycar_msgs) StdoutLine: {'line': b'-- Up-to-date: /home/qkenrrltk2/xycar_ws/src/install/xycar_msgs/include/xycar_msgs/xycar_msgs/msg/detail/xycar_ultrasonic__builder.hpp\n'}
[1.102655] (xycar_msgs) StdoutLine: {'line': b'-- Up-to-date: /home/qkenrrltk2/xycar_ws/src/install/xycar_msgs/include/xycar_msgs/xycar_msgs/msg/detail/xycar_motor__builder.hpp\n'}
[1.102785] (xycar_msgs) StdoutLine: {'line': b'-- Up-to-date: /home/qkenrrltk2/xycar_ws/src/install/xycar_msgs/include/xycar_msgs/xycar_msgs/msg/detail/xycar_ultrasonic__struct.hpp\n'}
[1.102858] (xycar_msgs) StdoutLine: {'line': b'-- Up-to-date: /home/qkenrrltk2/xycar_ws/src/install/xycar_msgs/include/xycar_msgs/xycar_msgs/msg/detail/xycar_motor__type_support.hpp\n'}
[1.102894] (xycar_msgs) StdoutLine: {'line': b'-- Up-to-date: /home/qkenrrltk2/xycar_ws/src/install/xycar_msgs/include/xycar_msgs/xycar_msgs/msg/detail/xycar_motor__struct.hpp\n'}
[1.102919] (xycar_msgs) StdoutLine: {'line': b'-- Up-to-date: /home/qkenrrltk2/xycar_ws/src/install/xycar_msgs/include/xycar_msgs/xycar_msgs/msg/detail/xycar_motor__traits.hpp\n'}
[1.102949] (xycar_msgs) StdoutLine: {'line': b'-- Up-to-date: /home/qkenrrltk2/xycar_ws/src/install/xycar_msgs/include/xycar_msgs/xycar_msgs/msg/xycar_motor.hpp\n'}
[1.102981] (xycar_msgs) StdoutLine: {'line': b'-- Up-to-date: /home/qkenrrltk2/xycar_ws/src/install/xycar_msgs/include/xycar_msgs/xycar_msgs/msg/xycar_ultrasonic.hpp\n'}
[1.103003] (xycar_msgs) StdoutLine: {'line': b'-- Up-to-date: /home/qkenrrltk2/xycar_ws/src/install/xycar_msgs/include/xycar_msgs/xycar_msgs\n'}
[1.103025] (xycar_msgs) StdoutLine: {'line': b'-- Up-to-date: /home/qkenrrltk2/xycar_ws/src/install/xycar_msgs/include/xycar_msgs/xycar_msgs/msg\n'}
[1.103046] (xycar_msgs) StdoutLine: {'line': b'-- Up-to-date: /home/qkenrrltk2/xycar_ws/src/install/xycar_msgs/include/xycar_msgs/xycar_msgs/msg/rosidl_typesupport_fastrtps_cpp__visibility_control.h\n'}
[1.103069] (xycar_msgs) StdoutLine: {'line': b'-- Up-to-date: /home/qkenrrltk2/xycar_ws/src/install/xycar_msgs/include/xycar_msgs/xycar_msgs/msg/detail\n'}
[1.103091] (xycar_msgs) StdoutLine: {'line': b'-- Up-to-date: /home/qkenrrltk2/xycar_ws/src/install/xycar_msgs/include/xycar_msgs/xycar_msgs/msg/detail/dds_fastrtps\n'}
[1.103124] (xycar_msgs) StdoutLine: {'line': b'-- Up-to-date: /home/qkenrrltk2/xycar_ws/src/install/xycar_msgs/include/xycar_msgs/xycar_msgs/msg/detail/xycar_motor__rosidl_typesupport_fastrtps_cpp.hpp\n'}
[1.103155] (xycar_msgs) StdoutLine: {'line': b'-- Up-to-date: /home/qkenrrltk2/xycar_ws/src/install/xycar_msgs/include/xycar_msgs/xycar_msgs/msg/detail/xycar_ultrasonic__rosidl_typesupport_fastrtps_cpp.hpp\n'}
[1.103189] (xycar_msgs) StdoutLine: {'line': b'-- Up-to-date: /home/qkenrrltk2/xycar_ws/src/install/xycar_msgs/lib/libxycar_msgs__rosidl_typesupport_fastrtps_cpp.so\n'}
[1.103222] (xycar_msgs) StdoutLine: {'line': b'-- Up-to-date: /home/qkenrrltk2/xycar_ws/src/install/xycar_msgs/include/xycar_msgs/xycar_msgs\n'}
[1.103251] (xycar_msgs) StdoutLine: {'line': b'-- Up-to-date: /home/qkenrrltk2/xycar_ws/src/install/xycar_msgs/include/xycar_msgs/xycar_msgs/msg\n'}
[1.103273] (xycar_msgs) StdoutLine: {'line': b'-- Up-to-date: /home/qkenrrltk2/xycar_ws/src/install/xycar_msgs/include/xycar_msgs/xycar_msgs/msg/detail\n'}
[1.103295] (xycar_msgs) StdoutLine: {'line': b'-- Up-to-date: /home/qkenrrltk2/xycar_ws/src/install/xycar_msgs/include/xycar_msgs/xycar_msgs/msg/detail/xycar_motor__type_support.cpp\n'}
[1.103326] (xycar_msgs) StdoutLine: {'line': b'-- Up-to-date: /home/qkenrrltk2/xycar_ws/src/install/xycar_msgs/include/xycar_msgs/xycar_msgs/msg/detail/xycar_motor__rosidl_typesupport_introspection_cpp.hpp\n'}
[1.103359] (xycar_msgs) StdoutLine: {'line': b'-- Up-to-date: /home/qkenrrltk2/xycar_ws/src/install/xycar_msgs/include/xycar_msgs/xycar_msgs/msg/detail/xycar_ultrasonic__type_support.cpp\n'}
[1.103389] (xycar_msgs) StdoutLine: {'line': b'-- Up-to-date: /home/qkenrrltk2/xycar_ws/src/install/xycar_msgs/include/xycar_msgs/xycar_msgs/msg/detail/xycar_ultrasonic__rosidl_typesupport_introspection_cpp.hpp\n'}
[1.103416] (xycar_msgs) StdoutLine: {'line': b'-- Up-to-date: /home/qkenrrltk2/xycar_ws/src/install/xycar_msgs/lib/libxycar_msgs__rosidl_typesupport_introspection_cpp.so\n'}
[1.103440] (xycar_msgs) StdoutLine: {'line': b'-- Up-to-date: /home/qkenrrltk2/xycar_ws/src/install/xycar_msgs/lib/libxycar_msgs__rosidl_typesupport_cpp.so\n'}
[1.103463] (xycar_msgs) StdoutLine: {'line': b'-- Up-to-date: /home/qkenrrltk2/xycar_ws/src/install/xycar_msgs/share/xycar_msgs/environment/pythonpath.sh\n'}
[1.103501] (xycar_msgs) StdoutLine: {'line': b'-- Up-to-date: /home/qkenrrltk2/xycar_ws/src/install/xycar_msgs/share/xycar_msgs/environment/pythonpath.dsv\n'}
[1.103524] (xycar_msgs) StdoutLine: {'line': b'-- Up-to-date: /home/qkenrrltk2/xycar_ws/src/install/xycar_msgs/local/lib/python3.10/dist-packages/xycar_msgs-0.0.0-py3.10.egg-info\n'}
[1.103548] (xycar_msgs) StdoutLine: {'line': b'-- Installing: /home/qkenrrltk2/xycar_ws/src/install/xycar_msgs/local/lib/python3.10/dist-packages/xycar_msgs-0.0.0-py3.10.egg-info/top_level.txt\n'}
[1.103570] (xycar_msgs) StdoutLine: {'line': b'-- Installing: /home/qkenrrltk2/xycar_ws/src/install/xycar_msgs/local/lib/python3.10/dist-packages/xycar_msgs-0.0.0-py3.10.egg-info/dependency_links.txt\n'}
[1.103599] (xycar_msgs) StdoutLine: {'line': b'-- Installing: /home/qkenrrltk2/xycar_ws/src/install/xycar_msgs/local/lib/python3.10/dist-packages/xycar_msgs-0.0.0-py3.10.egg-info/SOURCES.txt\n'}
[1.103635] (xycar_msgs) StdoutLine: {'line': b'-- Installing: /home/qkenrrltk2/xycar_ws/src/install/xycar_msgs/local/lib/python3.10/dist-packages/xycar_msgs-0.0.0-py3.10.egg-info/PKG-INFO\n'}
[1.103671] (xycar_msgs) StdoutLine: {'line': b'-- Up-to-date: /home/qkenrrltk2/xycar_ws/src/install/xycar_msgs/local/lib/python3.10/dist-packages/xycar_msgs\n'}
[1.103696] (xycar_msgs) StdoutLine: {'line': b'-- Up-to-date: /home/qkenrrltk2/xycar_ws/src/install/xycar_msgs/local/lib/python3.10/dist-packages/xycar_msgs/xycar_msgs_s__rosidl_typesupport_c.cpython-310-x86_64-linux-gnu.so\n'}
[1.103722] (xycar_msgs) StdoutLine: {'line': b'-- Up-to-date: /home/qkenrrltk2/xycar_ws/src/install/xycar_msgs/local/lib/python3.10/dist-packages/xycar_msgs/xycar_msgs_s__rosidl_typesupport_fastrtps_c.cpython-310-x86_64-linux-gnu.so\n'}
[1.103759] (xycar_msgs) StdoutLine: {'line': b'-- Up-to-date: /home/qkenrrltk2/xycar_ws/src/install/xycar_msgs/local/lib/python3.10/dist-packages/xycar_msgs/_xycar_msgs_s.ep.rosidl_typesupport_c.c\n'}
[1.103782] (xycar_msgs) StdoutLine: {'line': b'-- Up-to-date: /home/qkenrrltk2/xycar_ws/src/install/xycar_msgs/local/lib/python3.10/dist-packages/xycar_msgs/_xycar_msgs_s.ep.rosidl_typesupport_fastrtps_c.c\n'}
[1.103806] (xycar_msgs) StdoutLine: {'line': b'-- Up-to-date: /home/qkenrrltk2/xycar_ws/src/install/xycar_msgs/local/lib/python3.10/dist-packages/xycar_msgs/libxycar_msgs__rosidl_generator_py.so\n'}
[1.103836] (xycar_msgs) StdoutLine: {'line': b'-- Up-to-date: /home/qkenrrltk2/xycar_ws/src/install/xycar_msgs/local/lib/python3.10/dist-packages/xycar_msgs/__init__.py\n'}
[1.103881] (xycar_msgs) StdoutLine: {'line': b'-- Up-to-date: /home/qkenrrltk2/xycar_ws/src/install/xycar_msgs/local/lib/python3.10/dist-packages/xycar_msgs/xycar_msgs_s__rosidl_typesupport_introspection_c.cpython-310-x86_64-linux-gnu.so\n'}
[1.103919] (xycar_msgs) StdoutLine: {'line': b'-- Up-to-date: /home/qkenrrltk2/xycar_ws/src/install/xycar_msgs/local/lib/python3.10/dist-packages/xycar_msgs/msg\n'}
[1.103951] (xycar_msgs) StdoutLine: {'line': b'-- Up-to-date: /home/qkenrrltk2/xycar_ws/src/install/xycar_msgs/local/lib/python3.10/dist-packages/xycar_msgs/msg/_xycar_motor.py\n'}
[1.103986] (xycar_msgs) StdoutLine: {'line': b'-- Up-to-date: /home/qkenrrltk2/xycar_ws/src/install/xycar_msgs/local/lib/python3.10/dist-packages/xycar_msgs/msg/__init__.py\n'}
[1.104020] (xycar_msgs) StdoutLine: {'line': b'-- Up-to-date: /home/qkenrrltk2/xycar_ws/src/install/xycar_msgs/local/lib/python3.10/dist-packages/xycar_msgs/msg/_xycar_ultrasonic_s.c\n'}
[1.104057] (xycar_msgs) StdoutLine: {'line': b'-- Up-to-date: /home/qkenrrltk2/xycar_ws/src/install/xycar_msgs/local/lib/python3.10/dist-packages/xycar_msgs/msg/_xycar_motor_s.c\n'}
[1.104083] (xycar_msgs) StdoutLine: {'line': b'-- Up-to-date: /home/qkenrrltk2/xycar_ws/src/install/xycar_msgs/local/lib/python3.10/dist-packages/xycar_msgs/msg/_xycar_ultrasonic.py\n'}
[1.104108] (xycar_msgs) StdoutLine: {'line': b'-- Up-to-date: /home/qkenrrltk2/xycar_ws/src/install/xycar_msgs/local/lib/python3.10/dist-packages/xycar_msgs/_xycar_msgs_s.ep.rosidl_typesupport_introspection_c.c\n'}
[1.114860] (-) TimerEvent: {}
[1.124999] (xycar_msgs) StdoutLine: {'line': b"Listing '/home/qkenrrltk2/xycar_ws/src/install/xycar_msgs/local/lib/python3.10/dist-packages/xycar_msgs'...\n"}
[1.125166] (xycar_msgs) StdoutLine: {'line': b"Listing '/home/qkenrrltk2/xycar_ws/src/install/xycar_msgs/local/lib/python3.10/dist-packages/xycar_msgs/msg'...\n"}
[1.129901] (xycar_msgs) StdoutLine: {'line': b'-- Up-to-date: /home/qkenrrltk2/xycar_ws/src/install/xycar_msgs/local/lib/python3.10/dist-packages/xycar_msgs/xycar_msgs_s__rosidl_typesupport_fastrtps_c.cpython-310-x86_64-linux-gnu.so\n'}
[1.130111] (xycar_msgs) StdoutLine: {'line': b'-- Up-to-date: /home/qkenrrltk2/xycar_ws/src/install/xycar_msgs/local/lib/python3.10/dist-packages/xycar_msgs/xycar_msgs_s__rosidl_typesupport_introspection_c.cpython-310-x86_64-linux-gnu.so\n'}
[1.130333] (xycar_msgs) StdoutLine: {'line': b'-- Up-to-date: /home/qkenrrltk2/xycar_ws/src/install/xycar_msgs/local/lib/python3.10/dist-packages/xycar_msgs/xycar_msgs_s__rosidl_typesupport_c.cpython-310-x86_64-linux-gnu.so\n'}
[1.130514] (xycar_msgs) StdoutLine: {'line': b'-- Up-to-date: /home/qkenrrltk2/xycar_ws/src/install/xycar_msgs/lib/libxycar_msgs__rosidl_generator_py.so\n'}
[1.130698] (xycar_msgs) StdoutLine: {'line': b'-- Up-to-date: /home/qkenrrltk2/xycar_ws/src/install/xycar_msgs/share/ament_index/resource_index/rust_packages/xycar_msgs\n'}
[1.130978] (xycar_msgs) StdoutLine: {'line': b'-- Up-to-date: /home/qkenrrltk2/xycar_ws/src/install/xycar_msgs/share/xycar_msgs/rust\n'}
[1.131151] (xycar_msgs) StdoutLine: {'line': b'-- Up-to-date: /home/qkenrrltk2/xycar_ws/src/install/xycar_msgs/share/xycar_msgs/rust/build.rs\n'}
[1.131304] (xycar_msgs) StdoutLine: {'line': b'-- Up-to-date: /home/qkenrrltk2/xycar_ws/src/install/xycar_msgs/share/xycar_msgs/rust/Cargo.toml\n'}
[1.131494] (xycar_msgs) StdoutLine: {'line': b'-- Up-to-date: /home/qkenrrltk2/xycar_ws/src/install/xycar_msgs/share/xycar_msgs/rust/src\n'}
[1.131719] (xycar_msgs) StdoutLine: {'line': b'-- Up-to-date: /home/qkenrrltk2/xycar_ws/src/install/xycar_msgs/share/xycar_msgs/rust/src/msg.rs\n'}
[1.131803] (xycar_msgs) StdoutLine: {'line': b'-- Up-to-date: /home/qkenrrltk2/xycar_ws/src/install/xycar_msgs/share/xycar_msgs/rust/src/lib.rs\n'}
[1.131871] (xycar_msgs) StdoutLine: {'line': b'-- Up-to-date: /home/qkenrrltk2/xycar_ws/src/install/xycar_msgs/share/xycar_msgs/rust/src/msg\n'}
[1.131940] (xycar_msgs) StdoutLine: {'line': b'-- Up-to-date: /home/qkenrrltk2/xycar_ws/src/install/xycar_msgs/share/xycar_msgs/rust/src/msg/rmw.rs\n'}
[1.132021] (xycar_msgs) StdoutLine: {'line': b'-- Up-to-date: /home/qkenrrltk2/xycar_ws/src/install/xycar_msgs/share/xycar_msgs/msg/XycarMotor.idl\n'}
[1.132082] (xycar_msgs) StdoutLine: {'line': b'-- Up-to-date: /home/qkenrrltk2/xycar_ws/src/install/xycar_msgs/share/xycar_msgs/msg/XycarUltrasonic.idl\n'}
[1.132157] (xycar_msgs) StdoutLine: {'line': b'-- Up-to-date: /home/qkenrrltk2/xycar_ws/src/install/xycar_msgs/share/xycar_msgs/msg/XycarMotor.msg\n'}
[1.132586] (xycar_msgs) StdoutLine: {'line': b'-- Up-to-date: /home/qkenrrltk2/xycar_ws/src/install/xycar_msgs/share/xycar_msgs/msg/XycarUltrasonic.msg\n'}
[1.132770] (xycar_msgs) StdoutLine: {'line': b'-- Up-to-date: /home/qkenrrltk2/xycar_ws/src/install/xycar_msgs/share/ament_index/resource_index/package_run_dependencies/xycar_msgs\n'}
[1.132808] (xycar_msgs) StdoutLine: {'line': b'-- Up-to-date: /home/qkenrrltk2/xycar_ws/src/install/xycar_msgs/share/ament_index/resource_index/parent_prefix_path/xycar_msgs\n'}
[1.132832] (xycar_msgs) StdoutLine: {'line': b'-- Up-to-date: /home/qkenrrltk2/xycar_ws/src/install/xycar_msgs/share/xycar_msgs/environment/ament_prefix_path.sh\n'}
[1.132875] (xycar_msgs) StdoutLine: {'line': b'-- Up-to-date: /home/qkenrrltk2/xycar_ws/src/install/xycar_msgs/share/xycar_msgs/environment/ament_prefix_path.dsv\n'}
[1.132915] (xycar_msgs) StdoutLine: {'line': b'-- Up-to-date: /home/qkenrrltk2/xycar_ws/src/install/xycar_msgs/share/xycar_msgs/environment/path.sh\n'}
[1.132941] (xycar_msgs) StdoutLine: {'line': b'-- Up-to-date: /home/qkenrrltk2/xycar_ws/src/install/xycar_msgs/share/xycar_msgs/environment/path.dsv\n'}
[1.132973] (xycar_msgs) StdoutLine: {'line': b'-- Up-to-date: /home/qkenrrltk2/xycar_ws/src/install/xycar_msgs/share/xycar_msgs/local_setup.bash\n'}
[1.132997] (xycar_msgs) StdoutLine: {'line': b'-- Up-to-date: /home/qkenrrltk2/xycar_ws/src/install/xycar_msgs/share/xycar_msgs/local_setup.sh\n'}
[1.133019] (xycar_msgs) StdoutLine: {'line': b'-- Up-to-date: /home/qkenrrltk2/xycar_ws/src/install/xycar_msgs/share/xycar_msgs/local_setup.zsh\n'}
[1.133040] (xycar_msgs) StdoutLine: {'line': b'-- Up-to-date: /home/qkenrrltk2/xycar_ws/src/install/xycar_msgs/share/xycar_msgs/local_setup.dsv\n'}
[1.133062] (xycar_msgs) StdoutLine: {'line': b'-- Installing: /home/qkenrrltk2/xycar_ws/src/install/xycar_msgs/share/xycar_msgs/package.dsv\n'}
[1.133086] (xycar_msgs) StdoutLine: {'line': b'-- Up-to-date: /home/qkenrrltk2/xycar_ws/src/install/xycar_msgs/share/ament_index/resource_index/packages/xycar_msgs\n'}
[1.133116] (xycar_msgs) StdoutLine: {'line': b'-- Up-to-date: /home/qkenrrltk2/xycar_ws/src/install/xycar_msgs/share/xycar_msgs/cmake/export_xycar_msgs__rosidl_generator_cExport.cmake\n'}
[1.133141] (xycar_msgs) StdoutLine: {'line': b'-- Up-to-date: /home/qkenrrltk2/xycar_ws/src/install/xycar_msgs/share/xycar_msgs/cmake/export_xycar_msgs__rosidl_generator_cExport-noconfig.cmake\n'}
[1.133175] (xycar_msgs) StdoutLine: {'line': b'-- Up-to-date: /home/qkenrrltk2/xycar_ws/src/install/xycar_msgs/share/xycar_msgs/cmake/export_xycar_msgs__rosidl_typesupport_fastrtps_cExport.cmake\n'}
[1.133209] (xycar_msgs) StdoutLine: {'line': b'-- Up-to-date: /home/qkenrrltk2/xycar_ws/src/install/xycar_msgs/share/xycar_msgs/cmake/export_xycar_msgs__rosidl_typesupport_fastrtps_cExport-noconfig.cmake\n'}
[1.133249] (xycar_msgs) StdoutLine: {'line': b'-- Up-to-date: /home/qkenrrltk2/xycar_ws/src/install/xycar_msgs/share/xycar_msgs/cmake/xycar_msgs__rosidl_typesupport_introspection_cExport.cmake\n'}
[1.133293] (xycar_msgs) StdoutLine: {'line': b'-- Up-to-date: /home/qkenrrltk2/xycar_ws/src/install/xycar_msgs/share/xycar_msgs/cmake/xycar_msgs__rosidl_typesupport_introspection_cExport-noconfig.cmake\n'}
[1.133349] (xycar_msgs) StdoutLine: {'line': b'-- Up-to-date: /home/qkenrrltk2/xycar_ws/src/install/xycar_msgs/share/xycar_msgs/cmake/xycar_msgs__rosidl_typesupport_cExport.cmake\n'}
[1.133410] (xycar_msgs) StdoutLine: {'line': b'-- Up-to-date: /home/qkenrrltk2/xycar_ws/src/install/xycar_msgs/share/xycar_msgs/cmake/xycar_msgs__rosidl_typesupport_cExport-noconfig.cmake\n'}
[1.133472] (xycar_msgs) StdoutLine: {'line': b'-- Up-to-date: /home/qkenrrltk2/xycar_ws/src/install/xycar_msgs/share/xycar_msgs/cmake/export_xycar_msgs__rosidl_generator_cppExport.cmake\n'}
[1.133536] (xycar_msgs) StdoutLine: {'line': b'-- Up-to-date: /home/qkenrrltk2/xycar_ws/src/install/xycar_msgs/share/xycar_msgs/cmake/export_xycar_msgs__rosidl_typesupport_fastrtps_cppExport.cmake\n'}
[1.133577] (xycar_msgs) StdoutLine: {'line': b'-- Up-to-date: /home/qkenrrltk2/xycar_ws/src/install/xycar_msgs/share/xycar_msgs/cmake/export_xycar_msgs__rosidl_typesupport_fastrtps_cppExport-noconfig.cmake\n'}
[1.133614] (xycar_msgs) StdoutLine: {'line': b'-- Up-to-date: /home/qkenrrltk2/xycar_ws/src/install/xycar_msgs/share/xycar_msgs/cmake/xycar_msgs__rosidl_typesupport_introspection_cppExport.cmake\n'}
[1.133655] (xycar_msgs) StdoutLine: {'line': b'-- Up-to-date: /home/qkenrrltk2/xycar_ws/src/install/xycar_msgs/share/xycar_msgs/cmake/xycar_msgs__rosidl_typesupport_introspection_cppExport-noconfig.cmake\n'}
[1.133683] (xycar_msgs) StdoutLine: {'line': b'-- Up-to-date: /home/qkenrrltk2/xycar_ws/src/install/xycar_msgs/share/xycar_msgs/cmake/xycar_msgs__rosidl_typesupport_cppExport.cmake\n'}
[1.133706] (xycar_msgs) StdoutLine: {'line': b'-- Up-to-date: /home/qkenrrltk2/xycar_ws/src/install/xycar_msgs/share/xycar_msgs/cmake/xycar_msgs__rosidl_typesupport_cppExport-noconfig.cmake\n'}
[1.133729] (xycar_msgs) StdoutLine: {'line': b'-- Up-to-date: /home/qkenrrltk2/xycar_ws/src/install/xycar_msgs/share/xycar_msgs/cmake/export_xycar_msgs__rosidl_generator_pyExport.cmake\n'}
[1.133778] (xycar_msgs) StdoutLine: {'line': b'-- Up-to-date: /home/qkenrrltk2/xycar_ws/src/install/xycar_msgs/share/xycar_msgs/cmake/export_xycar_msgs__rosidl_generator_pyExport-noconfig.cmake\n'}
[1.133907] (xycar_msgs) StdoutLine: {'line': b'-- Up-to-date: /home/qkenrrltk2/xycar_ws/src/install/xycar_msgs/share/xycar_msgs/cmake/rosidl_cmake-extras.cmake\n'}
[1.134068] (xycar_msgs) StdoutLine: {'line': b'-- Up-to-date: /home/qkenrrltk2/xycar_ws/src/install/xycar_msgs/share/xycar_msgs/cmake/ament_cmake_export_dependencies-extras.cmake\n'}
[1.134505] (xycar_msgs) StdoutLine: {'line': b'-- Up-to-date: /home/qkenrrltk2/xycar_ws/src/install/xycar_msgs/share/xycar_msgs/cmake/ament_cmake_export_include_directories-extras.cmake\n'}
[1.135140] (xycar_msgs) StdoutLine: {'line': b'-- Up-to-date: /home/qkenrrltk2/xycar_ws/src/install/xycar_msgs/share/xycar_msgs/cmake/ament_cmake_export_libraries-extras.cmake\n'}
[1.135724] (xycar_msgs) StdoutLine: {'line': b'-- Up-to-date: /home/qkenrrltk2/xycar_ws/src/install/xycar_msgs/share/xycar_msgs/cmake/ament_cmake_export_targets-extras.cmake\n'}
[1.136857] (xycar_msgs) StdoutLine: {'line': b'-- Up-to-date: /home/qkenrrltk2/xycar_ws/src/install/xycar_msgs/share/xycar_msgs/cmake/rosidl_cmake_export_typesupport_targets-extras.cmake\n'}
[1.137418] (xycar_msgs) StdoutLine: {'line': b'-- Up-to-date: /home/qkenrrltk2/xycar_ws/src/install/xycar_msgs/share/xycar_msgs/cmake/rosidl_cmake_export_typesupport_libraries-extras.cmake\n'}
[1.137994] (xycar_msgs) StdoutLine: {'line': b'-- Up-to-date: /home/qkenrrltk2/xycar_ws/src/install/xycar_msgs/share/xycar_msgs/cmake/xycar_msgsConfig.cmake\n'}
[1.138497] (xycar_msgs) StdoutLine: {'line': b'-- Up-to-date: /home/qkenrrltk2/xycar_ws/src/install/xycar_msgs/share/xycar_msgs/cmake/xycar_msgsConfig-version.cmake\n'}
[1.139309] (xycar_msgs) StdoutLine: {'line': b'-- Up-to-date: /home/qkenrrltk2/xycar_ws/src/install/xycar_msgs/share/xycar_msgs/package.xml\n'}
[1.139763] (xycar_msgs) CommandEnded: {'returncode': 0}
[1.159946] (xycar_msgs) JobEnded: {'identifier': 'xycar_msgs', 'rc': 0}
[1.161355] (kookmin9_viewer) JobStarted: {'identifier': 'kookmin9_viewer'}
[1.165909] (my_lidar) JobStarted: {'identifier': 'my_lidar'}
[1.215018] (-) TimerEvent: {}
[1.316999] (-) TimerEvent: {}
[1.417342] (-) TimerEvent: {}
[1.519609] (-) TimerEvent: {}
[1.621842] (-) TimerEvent: {}
[1.723712] (-) TimerEvent: {}
[1.736815] (my_motor) Command: {'cmd': ['/usr/bin/python3', '-W', 'ignore:setup.py install is deprecated', '-W', 'ignore:easy_install command is deprecated', 'setup.py', 'egg_info', '--egg-base', '../build/my_motor', 'build', '--build-base', '/home/qkenrrltk2/xycar_ws/src/build/my_motor/build', 'install', '--record', '/home/qkenrrltk2/xycar_ws/src/build/my_motor/install.log', '--single-version-externally-managed', 'install_data'], 'cwd': '/home/qkenrrltk2/xycar_ws/src/my_motor', 'env': {'LESSOPEN': '| /usr/bin/lesspipe %s', 'USER': 'qkenrrltk2', 'ROS_NAMESPACE': 'xycar', 'SHLVL': '1', 'LD_LIBRARY_PATH': '/home/qkenrrltk2/xycar_ws/src/install/xycar_msgs/lib:/home/qkenrrltk2/xycar_ws/install/xycar_msgs/lib:/opt/ros/humble/opt/rviz_ogre_vendor/lib:/opt/ros/humble/lib/x86_64-linux-gnu:/opt/ros/humble/lib', 'WT_PROFILE_ID': '{61c54bbd-c2c6-5271-96e7-009a87ff44bf}', 'HOME': '/home/qkenrrltk2', 'OLDPWD': '/home/qkenrrltk2/xycar_ws', 'ROS_PYTHON_VERSION': '3', 'DBUS_SESSION_BUS_ADDRESS': 'unix:path=/run/user/1000/bus', 'WSL_DISTRO_NAME': 'Ubuntu-22.04', '_colcon_cd_root': '/home/qkenrrltk2/xycar_ws', 'WAYLAND_DISPLAY': 'wayland-0', 'COLCON_PREFIX_PATH': '/home/qkenrrltk2/xycar_ws/src/install:/home/qkenrrltk2/xycar_ws/install', 'ROS_DISTRO': 'humble', 'LOGNAME': 'qkenrrltk2', 'NAME': 'localhost', 'WSL_INTEROP': '/run/WSL/449_interop', 'PULSE_SERVER': 'unix:/mnt/wslg/PulseServer', '_': '/usr/bin/colcon', 'ROS_VERSION': '2', 'TERM': 'xterm-256color', 'ROS_LOCALHOST_ONLY': '0', 'PATH': '/home/qkenrrltk2/.local/bin:/opt/ros/humble/bin:/usr/local/sbin:/usr/local/bin:/usr/sbin:/usr/bin:/sbin:/bin:/usr/games:/usr/local/games:/usr/lib/wsl/lib:/mnt/c/WINDOWS/system32:/mnt/c/WINDOWS:/mnt/c/WINDOWS/System32/Wbem:/mnt/c/WINDOWS/System32/WindowsPowerShell/v1.0/:/mnt/c/WINDOWS/System32/OpenSSH/:/mnt/c/Program Files/MATLAB/R2024a/bin:/mnt/c/msys64/ucrt64/bin:/mnt/c/Program Files (x86)/Windows Kits/10/Windows Performance Toolkit/:/mnt/c/Program Files (x86)/NVIDIA Corporation/PhysX/Common:/mnt/c/Program Files/NVIDIA Corporation/NVIDIA app/NvDLISR:/mnt/c/Program Files/dotnet/:/mnt/c/Users/PJH/AppData/Local/Programs/Python/Python313/Scripts/:/mnt/c/Users/PJH/AppData/Local/Programs/Python/Python313/:/mnt/c/Users/PJH/AppData/Local/Microsoft/WindowsApps:/mnt/c/Users/PJH/AppData/Local/afreeca:/mnt/c/Users/PJH/AppData/Local/SOOP:/mnt/c/Users/PJH/AppData/Local/Programs/Microsoft VS Code/bin:/snap/bin:/home/qkenrrltk2/.local/bin', 'WT_SESSION': 'ae539ccc-3b6e-409e-b343-ae95bdb8b06a', 'XDG_RUNTIME_DIR': '/run/user/1000', 'DISPLAY': ':0', 'LANG': 'C.UTF-8', 'LS_COLORS': 'rs=0:di=01;34:ln=01;36:mh=00:pi=40;33:so=01;35:do=01;35:bd=40;33;01:cd=40;33;01:or=40;31;01:mi=00:su=37;41:sg=30;43:ca=30;41:tw=30;42:ow=34;42:st=37;44:ex=01;32:*.tar=01;31:*.tgz=01;31:*.arc=01;31:*.arj=01;31:*.taz=01;31:*.lha=01;31:*.lz4=01;31:*.lzh=01;31:*.lzma=01;31:*.tlz=01;31:*.txz=01;31:*.tzo=01;31:*.t7z=01;31:*.zip=01;31:*.z=01;31:*.dz=01;31:*.gz=01;31:*.lrz=01;31:*.lz=01;31:*.lzo=01;31:*.xz=01;31:*.zst=01;31:*.tzst=01;31:*.bz2=01;31:*.bz=01;31:*.tbz=01;31:*.tbz2=01;31:*.tz=01;31:*.deb=01;31:*.rpm=01;31:*.jar=01;31:*.war=01;31:*.ear=01;31:*.sar=01;31:*.rar=01;31:*.alz=01;31:*.ace=01;31:*.zoo=01;31:*.cpio=01;31:*.7z=01;31:*.rz=01;31:*.cab=01;31:*.wim=01;31:*.swm=01;31:*.dwm=01;31:*.esd=01;31:*.jpg=01;35:*.jpeg=01;35:*.mjpg=01;35:*.mjpeg=01;35:*.gif=01;35:*.bmp=01;35:*.pbm=01;35:*.pgm=01;35:*.ppm=01;35:*.tga=01;35:*.xbm=01;35:*.xpm=01;35:*.tif=01;35:*.tiff=01;35:*.png=01;35:*.svg=01;35:*.svgz=01;35:*.mng=01;35:*.pcx=01;35:*.mov=01;35:*.mpg=01;35:*.mpeg=01;35:*.m2v=01;35:*.mkv=01;35:*.webm=01;35:*.webp=01;35:*.ogm=01;35:*.mp4=01;35:*.m4v=01;35:*.mp4v=01;35:*.vob=01;35:*.qt=01;35:*.nuv=01;35:*.wmv=01;35:*.asf=01;35:*.rm=01;35:*.rmvb=01;35:*.flc=01;35:*.avi=01;35:*.fli=01;35:*.flv=01;35:*.gl=01;35:*.dl=01;35:*.xcf=01;35:*.xwd=01;35:*.yuv=01;35:*.cgm=01;35:*.emf=01;35:*.ogv=01;35:*.ogx=01;35:*.aac=00;36:*.au=00;36:*.flac=00;36:*.m4a=00;36:*.mid=00;36:*.midi=00;36:*.mka=00;36:*.mp3=00;36:*.mpc=00;36:*.ogg=00;36:*.ra=00;36:*.wav=00;36:*.oga=00;36:*.opus=00;36:*.spx=00;36:*.xspf=00;36:', 'ROS_DOMAIN_ID': '7', 'AMENT_PREFIX_PATH': '/home/qkenrrltk2/xycar_ws/src/install/my_lidar:/home/qkenrrltk2/xycar_ws/src/install/my_cam:/home/qkenrrltk2/xycar_ws/src/install/kookmin9_viewer:/home/qkenrrltk2/xycar_ws/src/install/xycar_msgs:/home/qkenrrltk2/xycar_ws/src/install/track_drive:/home/qkenrrltk2/xycar_ws/src/install/ros_tcp_endpoint:/home/qkenrrltk2/xycar_ws/src/install/recognition:/home/qkenrrltk2/xycar_ws/src/install/my_motor:/home/qkenrrltk2/xycar_ws/src/install/my_imu:/home/qkenrrltk2/xycar_ws/install/my_lidar:/home/qkenrrltk2/xycar_ws/install/my_cam:/home/qkenrrltk2/xycar_ws/install/kookmin9_viewer:/home/qkenrrltk2/xycar_ws/install/xycar_msgs:/home/qkenrrltk2/xycar_ws/install/track_drive:/home/qkenrrltk2/xycar_ws/install/ros_tcp_endpoint:/home/qkenrrltk2/xycar_ws/install/my_motor:/home/qkenrrltk2/xycar_ws/install/my_imu:/opt/ros/humble', 'SHELL': '/bin/bash', 'LESSCLOSE': '/usr/bin/lesspipe %s %s', 'PWD': '/home/qkenrrltk2/xycar_ws/src/build/my_motor', 'XDG_DATA_DIRS': '/usr/local/share:/usr/share:/var/lib/snapd/desktop', 'PYTHONPATH': '/home/qkenrrltk2/xycar_ws/src/build/my_motor/prefix_override:/usr/lib/python3/dist-packages/colcon_core/task/python/colcon_distutils_commands:/home/qkenrrltk2/xycar_ws/src/install/my_motor/lib/python3.10/site-packages:/home/qkenrrltk2/xycar_ws/src/install/my_lidar/lib/python3.10/site-packages:/home/qkenrrltk2/xycar_ws/src/install/my_cam/lib/python3.10/site-packages:/home/qkenrrltk2/xycar_ws/src/install/kookmin9_viewer/lib/python3.10/site-packages:/home/qkenrrltk2/xycar_ws/src/install/xycar_msgs/local/lib/python3.10/dist-packages:/home/qkenrrltk2/xycar_ws/src/install/track_drive/lib/python3.10/site-packages:/home/qkenrrltk2/xycar_ws/src/install/ros_tcp_endpoint/lib/python3.10/site-packages:/home/qkenrrltk2/xycar_ws/src/install/recognition/lib/python3.10/site-packages:/home/qkenrrltk2/xycar_ws/src/install/my_motor/lib/python3.10/site-packages:/home/qkenrrltk2/xycar_ws/src/install/my_imu/lib/python3.10/site-packages:/home/qkenrrltk2/xycar_ws/install/my_lidar/lib/python3.10/site-packages:/home/qkenrrltk2/xycar_ws/install/my_cam/lib/python3.10/site-packages:/home/qkenrrltk2/xycar_ws/install/kookmin9_viewer/lib/python3.10/site-packages:/home/qkenrrltk2/xycar_ws/install/xycar_msgs/local/lib/python3.10/dist-packages:/home/qkenrrltk2/xycar_ws/install/track_drive/lib/python3.10/site-packages:/home/qkenrrltk2/xycar_ws/install/ros_tcp_endpoint/lib/python3.10/site-packages:/home/qkenrrltk2/xycar_ws/install/my_motor/lib/python3.10/site-packages:/home/qkenrrltk2/xycar_ws/install/my_imu/lib/python3.10/site-packages:/opt/ros/humble/lib/python3.10/site-packages:/opt/ros/humble/local/lib/python3.10/dist-packages', 'COLCON': '1', 'WSL2_GUI_APPS_ENABLED': '1', 'HOSTTYPE': 'x86_64', 'CMAKE_PREFIX_PATH': '/home/qkenrrltk2/xycar_ws/src/install/xycar_msgs:/home/qkenrrltk2/xycar_ws/install/xycar_msgs', 'WSLENV': 'WT_SESSION:WT_PROFILE_ID:'}, 'shell': False}
[1.739252] (ros_tcp_endpoint) Command: {'cmd': ['/usr/bin/python3', '-W', 'ignore:setup.py install is deprecated', '-W', 'ignore:easy_install command is deprecated', 'setup.py', 'egg_info', '--egg-base', '../build/ros_tcp_endpoint', 'build', '--build-base', '/home/qkenrrltk2/xycar_ws/src/build/ros_tcp_endpoint/build', 'install', '--record', '/home/qkenrrltk2/xycar_ws/src/build/ros_tcp_endpoint/install.log', '--single-version-externally-managed', 'install_data'], 'cwd': '/home/qkenrrltk2/xycar_ws/src/ROS-TCP-Endpoint-main-ros2', 'env': {'LESSOPEN': '| /usr/bin/lesspipe %s', 'USER': 'qkenrrltk2', 'ROS_NAMESPACE': 'xycar', 'SHLVL': '1', 'LD_LIBRARY_PATH': '/home/qkenrrltk2/xycar_ws/src/install/xycar_msgs/lib:/home/qkenrrltk2/xycar_ws/install/xycar_msgs/lib:/opt/ros/humble/opt/rviz_ogre_vendor/lib:/opt/ros/humble/lib/x86_64-linux-gnu:/opt/ros/humble/lib', 'WT_PROFILE_ID': '{61c54bbd-c2c6-5271-96e7-009a87ff44bf}', 'HOME': '/home/qkenrrltk2', 'OLDPWD': '/home/qkenrrltk2/xycar_ws', 'ROS_PYTHON_VERSION': '3', 'DBUS_SESSION_BUS_ADDRESS': 'unix:path=/run/user/1000/bus', 'WSL_DISTRO_NAME': 'Ubuntu-22.04', '_colcon_cd_root': '/home/qkenrrltk2/xycar_ws', 'WAYLAND_DISPLAY': 'wayland-0', 'COLCON_PREFIX_PATH': '/home/qkenrrltk2/xycar_ws/src/install:/home/qkenrrltk2/xycar_ws/install', 'ROS_DISTRO': 'humble', 'LOGNAME': 'qkenrrltk2', 'NAME': 'localhost', 'WSL_INTEROP': '/run/WSL/449_interop', 'PULSE_SERVER': 'unix:/mnt/wslg/PulseServer', '_': '/usr/bin/colcon', 'ROS_VERSION': '2', 'TERM': 'xterm-256color', 'ROS_LOCALHOST_ONLY': '0', 'PATH': '/home/qkenrrltk2/.local/bin:/opt/ros/humble/bin:/usr/local/sbin:/usr/local/bin:/usr/sbin:/usr/bin:/sbin:/bin:/usr/games:/usr/local/games:/usr/lib/wsl/lib:/mnt/c/WINDOWS/system32:/mnt/c/WINDOWS:/mnt/c/WINDOWS/System32/Wbem:/mnt/c/WINDOWS/System32/WindowsPowerShell/v1.0/:/mnt/c/WINDOWS/System32/OpenSSH/:/mnt/c/Program Files/MATLAB/R2024a/bin:/mnt/c/msys64/ucrt64/bin:/mnt/c/Program Files (x86)/Windows Kits/10/Windows Performance Toolkit/:/mnt/c/Program Files (x86)/NVIDIA Corporation/PhysX/Common:/mnt/c/Program Files/NVIDIA Corporation/NVIDIA app/NvDLISR:/mnt/c/Program Files/dotnet/:/mnt/c/Users/PJH/AppData/Local/Programs/Python/Python313/Scripts/:/mnt/c/Users/PJH/AppData/Local/Programs/Python/Python313/:/mnt/c/Users/PJH/AppData/Local/Microsoft/WindowsApps:/mnt/c/Users/PJH/AppData/Local/afreeca:/mnt/c/Users/PJH/AppData/Local/SOOP:/mnt/c/Users/PJH/AppData/Local/Programs/Microsoft VS Code/bin:/snap/bin:/home/qkenrrltk2/.local/bin', 'WT_SESSION': 'ae539ccc-3b6e-409e-b343-ae95bdb8b06a', 'XDG_RUNTIME_DIR': '/run/user/1000', 'DISPLAY': ':0', 'LANG': 'C.UTF-8', 'LS_COLORS': 'rs=0:di=01;34:ln=01;36:mh=00:pi=40;33:so=01;35:do=01;35:bd=40;33;01:cd=40;33;01:or=40;31;01:mi=00:su=37;41:sg=30;43:ca=30;41:tw=30;42:ow=34;42:st=37;44:ex=01;32:*.tar=01;31:*.tgz=01;31:*.arc=01;31:*.arj=01;31:*.taz=01;31:*.lha=01;31:*.lz4=01;31:*.lzh=01;31:*.lzma=01;31:*.tlz=01;31:*.txz=01;31:*.tzo=01;31:*.t7z=01;31:*.zip=01;31:*.z=01;31:*.dz=01;31:*.gz=01;31:*.lrz=01;31:*.lz=01;31:*.lzo=01;31:*.xz=01;31:*.zst=01;31:*.tzst=01;31:*.bz2=01;31:*.bz=01;31:*.tbz=01;31:*.tbz2=01;31:*.tz=01;31:*.deb=01;31:*.rpm=01;31:*.jar=01;31:*.war=01;31:*.ear=01;31:*.sar=01;31:*.rar=01;31:*.alz=01;31:*.ace=01;31:*.zoo=01;31:*.cpio=01;31:*.7z=01;31:*.rz=01;31:*.cab=01;31:*.wim=01;31:*.swm=01;31:*.dwm=01;31:*.esd=01;31:*.jpg=01;35:*.jpeg=01;35:*.mjpg=01;35:*.mjpeg=01;35:*.gif=01;35:*.bmp=01;35:*.pbm=01;35:*.pgm=01;35:*.ppm=01;35:*.tga=01;35:*.xbm=01;35:*.xpm=01;35:*.tif=01;35:*.tiff=01;35:*.png=01;35:*.svg=01;35:*.svgz=01;35:*.mng=01;35:*.pcx=01;35:*.mov=01;35:*.mpg=01;35:*.mpeg=01;35:*.m2v=01;35:*.mkv=01;35:*.webm=01;35:*.webp=01;35:*.ogm=01;35:*.mp4=01;35:*.m4v=01;35:*.mp4v=01;35:*.vob=01;35:*.qt=01;35:*.nuv=01;35:*.wmv=01;35:*.asf=01;35:*.rm=01;35:*.rmvb=01;35:*.flc=01;35:*.avi=01;35:*.fli=01;35:*.flv=01;35:*.gl=01;35:*.dl=01;35:*.xcf=01;35:*.xwd=01;35:*.yuv=01;35:*.cgm=01;35:*.emf=01;35:*.ogv=01;35:*.ogx=01;35:*.aac=00;36:*.au=00;36:*.flac=00;36:*.m4a=00;36:*.mid=00;36:*.midi=00;36:*.mka=00;36:*.mp3=00;36:*.mpc=00;36:*.ogg=00;36:*.ra=00;36:*.wav=00;36:*.oga=00;36:*.opus=00;36:*.spx=00;36:*.xspf=00;36:', 'ROS_DOMAIN_ID': '7', 'AMENT_PREFIX_PATH': '/home/qkenrrltk2/xycar_ws/src/install/my_lidar:/home/qkenrrltk2/xycar_ws/src/install/my_cam:/home/qkenrrltk2/xycar_ws/src/install/kookmin9_viewer:/home/qkenrrltk2/xycar_ws/src/install/xycar_msgs:/home/qkenrrltk2/xycar_ws/src/install/track_drive:/home/qkenrrltk2/xycar_ws/src/install/ros_tcp_endpoint:/home/qkenrrltk2/xycar_ws/src/install/recognition:/home/qkenrrltk2/xycar_ws/src/install/my_motor:/home/qkenrrltk2/xycar_ws/src/install/my_imu:/home/qkenrrltk2/xycar_ws/install/my_lidar:/home/qkenrrltk2/xycar_ws/install/my_cam:/home/qkenrrltk2/xycar_ws/install/kookmin9_viewer:/home/qkenrrltk2/xycar_ws/install/xycar_msgs:/home/qkenrrltk2/xycar_ws/install/track_drive:/home/qkenrrltk2/xycar_ws/install/ros_tcp_endpoint:/home/qkenrrltk2/xycar_ws/install/my_motor:/home/qkenrrltk2/xycar_ws/install/my_imu:/opt/ros/humble', 'SHELL': '/bin/bash', 'LESSCLOSE': '/usr/bin/lesspipe %s %s', 'PWD': '/home/qkenrrltk2/xycar_ws/src/build/ros_tcp_endpoint', 'XDG_DATA_DIRS': '/usr/local/share:/usr/share:/var/lib/snapd/desktop', 'PYTHONPATH': '/home/qkenrrltk2/xycar_ws/src/build/ros_tcp_endpoint/prefix_override:/usr/lib/python3/dist-packages/colcon_core/task/python/colcon_distutils_commands:/home/qkenrrltk2/xycar_ws/src/install/ros_tcp_endpoint/lib/python3.10/site-packages:/home/qkenrrltk2/xycar_ws/src/install/my_lidar/lib/python3.10/site-packages:/home/qkenrrltk2/xycar_ws/src/install/my_cam/lib/python3.10/site-packages:/home/qkenrrltk2/xycar_ws/src/install/kookmin9_viewer/lib/python3.10/site-packages:/home/qkenrrltk2/xycar_ws/src/install/xycar_msgs/local/lib/python3.10/dist-packages:/home/qkenrrltk2/xycar_ws/src/install/track_drive/lib/python3.10/site-packages:/home/qkenrrltk2/xycar_ws/src/install/ros_tcp_endpoint/lib/python3.10/site-packages:/home/qkenrrltk2/xycar_ws/src/install/recognition/lib/python3.10/site-packages:/home/qkenrrltk2/xycar_ws/src/install/my_motor/lib/python3.10/site-packages:/home/qkenrrltk2/xycar_ws/src/install/my_imu/lib/python3.10/site-packages:/home/qkenrrltk2/xycar_ws/install/my_lidar/lib/python3.10/site-packages:/home/qkenrrltk2/xycar_ws/install/my_cam/lib/python3.10/site-packages:/home/qkenrrltk2/xycar_ws/install/kookmin9_viewer/lib/python3.10/site-packages:/home/qkenrrltk2/xycar_ws/install/xycar_msgs/local/lib/python3.10/dist-packages:/home/qkenrrltk2/xycar_ws/install/track_drive/lib/python3.10/site-packages:/home/qkenrrltk2/xycar_ws/install/ros_tcp_endpoint/lib/python3.10/site-packages:/home/qkenrrltk2/xycar_ws/install/my_motor/lib/python3.10/site-packages:/home/qkenrrltk2/xycar_ws/install/my_imu/lib/python3.10/site-packages:/opt/ros/humble/lib/python3.10/site-packages:/opt/ros/humble/local/lib/python3.10/dist-packages', 'COLCON': '1', 'WSL2_GUI_APPS_ENABLED': '1', 'HOSTTYPE': 'x86_64', 'CMAKE_PREFIX_PATH': '/home/qkenrrltk2/xycar_ws/src/install/xycar_msgs:/home/qkenrrltk2/xycar_ws/install/xycar_msgs', 'WSLENV': 'WT_SESSION:WT_PROFILE_ID:'}, 'shell': False}
[1.741445] (track_drive) Command: {'cmd': ['/usr/bin/python3', '-W', 'ignore:setup.py install is deprecated', '-W', 'ignore:easy_install command is deprecated', 'setup.py', 'egg_info', '--egg-base', '../build/track_drive', 'build', '--build-base', '/home/qkenrrltk2/xycar_ws/src/build/track_drive/build', 'install', '--record', '/home/qkenrrltk2/xycar_ws/src/build/track_drive/install.log', '--single-version-externally-managed', 'install_data'], 'cwd': '/home/qkenrrltk2/xycar_ws/src/track_drive', 'env': {'LESSOPEN': '| /usr/bin/lesspipe %s', 'USER': 'qkenrrltk2', 'ROS_NAMESPACE': 'xycar', 'SHLVL': '1', 'LD_LIBRARY_PATH': '/home/qkenrrltk2/xycar_ws/src/install/xycar_msgs/lib:/home/qkenrrltk2/xycar_ws/install/xycar_msgs/lib:/opt/ros/humble/opt/rviz_ogre_vendor/lib:/opt/ros/humble/lib/x86_64-linux-gnu:/opt/ros/humble/lib', 'WT_PROFILE_ID': '{61c54bbd-c2c6-5271-96e7-009a87ff44bf}', 'HOME': '/home/qkenrrltk2', 'OLDPWD': '/home/qkenrrltk2/xycar_ws', 'ROS_PYTHON_VERSION': '3', 'DBUS_SESSION_BUS_ADDRESS': 'unix:path=/run/user/1000/bus', 'WSL_DISTRO_NAME': 'Ubuntu-22.04', '_colcon_cd_root': '/home/qkenrrltk2/xycar_ws', 'WAYLAND_DISPLAY': 'wayland-0', 'COLCON_PREFIX_PATH': '/home/qkenrrltk2/xycar_ws/src/install:/home/qkenrrltk2/xycar_ws/install', 'ROS_DISTRO': 'humble', 'LOGNAME': 'qkenrrltk2', 'NAME': 'localhost', 'WSL_INTEROP': '/run/WSL/449_interop', 'PULSE_SERVER': 'unix:/mnt/wslg/PulseServer', '_': '/usr/bin/colcon', 'ROS_VERSION': '2', 'TERM': 'xterm-256color', 'ROS_LOCALHOST_ONLY': '0', 'PATH': '/home/qkenrrltk2/.local/bin:/opt/ros/humble/bin:/usr/local/sbin:/usr/local/bin:/usr/sbin:/usr/bin:/sbin:/bin:/usr/games:/usr/local/games:/usr/lib/wsl/lib:/mnt/c/WINDOWS/system32:/mnt/c/WINDOWS:/mnt/c/WINDOWS/System32/Wbem:/mnt/c/WINDOWS/System32/WindowsPowerShell/v1.0/:/mnt/c/WINDOWS/System32/OpenSSH/:/mnt/c/Program Files/MATLAB/R2024a/bin:/mnt/c/msys64/ucrt64/bin:/mnt/c/Program Files (x86)/Windows Kits/10/Windows Performance Toolkit/:/mnt/c/Program Files (x86)/NVIDIA Corporation/PhysX/Common:/mnt/c/Program Files/NVIDIA Corporation/NVIDIA app/NvDLISR:/mnt/c/Program Files/dotnet/:/mnt/c/Users/PJH/AppData/Local/Programs/Python/Python313/Scripts/:/mnt/c/Users/PJH/AppData/Local/Programs/Python/Python313/:/mnt/c/Users/PJH/AppData/Local/Microsoft/WindowsApps:/mnt/c/Users/PJH/AppData/Local/afreeca:/mnt/c/Users/PJH/AppData/Local/SOOP:/mnt/c/Users/PJH/AppData/Local/Programs/Microsoft VS Code/bin:/snap/bin:/home/qkenrrltk2/.local/bin', 'WT_SESSION': 'ae539ccc-3b6e-409e-b343-ae95bdb8b06a', 'XDG_RUNTIME_DIR': '/run/user/1000', 'DISPLAY': ':0', 'LANG': 'C.UTF-8', 'LS_COLORS': 'rs=0:di=01;34:ln=01;36:mh=00:pi=40;33:so=01;35:do=01;35:bd=40;33;01:cd=40;33;01:or=40;31;01:mi=00:su=37;41:sg=30;43:ca=30;41:tw=30;42:ow=34;42:st=37;44:ex=01;32:*.tar=01;31:*.tgz=01;31:*.arc=01;31:*.arj=01;31:*.taz=01;31:*.lha=01;31:*.lz4=01;31:*.lzh=01;31:*.lzma=01;31:*.tlz=01;31:*.txz=01;31:*.tzo=01;31:*.t7z=01;31:*.zip=01;31:*.z=01;31:*.dz=01;31:*.gz=01;31:*.lrz=01;31:*.lz=01;31:*.lzo=01;31:*.xz=01;31:*.zst=01;31:*.tzst=01;31:*.bz2=01;31:*.bz=01;31:*.tbz=01;31:*.tbz2=01;31:*.tz=01;31:*.deb=01;31:*.rpm=01;31:*.jar=01;31:*.war=01;31:*.ear=01;31:*.sar=01;31:*.rar=01;31:*.alz=01;31:*.ace=01;31:*.zoo=01;31:*.cpio=01;31:*.7z=01;31:*.rz=01;31:*.cab=01;31:*.wim=01;31:*.swm=01;31:*.dwm=01;31:*.esd=01;31:*.jpg=01;35:*.jpeg=01;35:*.mjpg=01;35:*.mjpeg=01;35:*.gif=01;35:*.bmp=01;35:*.pbm=01;35:*.pgm=01;35:*.ppm=01;35:*.tga=01;35:*.xbm=01;35:*.xpm=01;35:*.tif=01;35:*.tiff=01;35:*.png=01;35:*.svg=01;35:*.svgz=01;35:*.mng=01;35:*.pcx=01;35:*.mov=01;35:*.mpg=01;35:*.mpeg=01;35:*.m2v=01;35:*.mkv=01;35:*.webm=01;35:*.webp=01;35:*.ogm=01;35:*.mp4=01;35:*.m4v=01;35:*.mp4v=01;35:*.vob=01;35:*.qt=01;35:*.nuv=01;35:*.wmv=01;35:*.asf=01;35:*.rm=01;35:*.rmvb=01;35:*.flc=01;35:*.avi=01;35:*.fli=01;35:*.flv=01;35:*.gl=01;35:*.dl=01;35:*.xcf=01;35:*.xwd=01;35:*.yuv=01;35:*.cgm=01;35:*.emf=01;35:*.ogv=01;35:*.ogx=01;35:*.aac=00;36:*.au=00;36:*.flac=00;36:*.m4a=00;36:*.mid=00;36:*.midi=00;36:*.mka=00;36:*.mp3=00;36:*.mpc=00;36:*.ogg=00;36:*.ra=00;36:*.wav=00;36:*.oga=00;36:*.opus=00;36:*.spx=00;36:*.xspf=00;36:', 'ROS_DOMAIN_ID': '7', 'AMENT_PREFIX_PATH': '/home/qkenrrltk2/xycar_ws/src/install/my_lidar:/home/qkenrrltk2/xycar_ws/src/install/my_cam:/home/qkenrrltk2/xycar_ws/src/install/kookmin9_viewer:/home/qkenrrltk2/xycar_ws/src/install/xycar_msgs:/home/qkenrrltk2/xycar_ws/src/install/track_drive:/home/qkenrrltk2/xycar_ws/src/install/ros_tcp_endpoint:/home/qkenrrltk2/xycar_ws/src/install/recognition:/home/qkenrrltk2/xycar_ws/src/install/my_motor:/home/qkenrrltk2/xycar_ws/src/install/my_imu:/home/qkenrrltk2/xycar_ws/install/my_lidar:/home/qkenrrltk2/xycar_ws/install/my_cam:/home/qkenrrltk2/xycar_ws/install/kookmin9_viewer:/home/qkenrrltk2/xycar_ws/install/xycar_msgs:/home/qkenrrltk2/xycar_ws/install/track_drive:/home/qkenrrltk2/xycar_ws/install/ros_tcp_endpoint:/home/qkenrrltk2/xycar_ws/install/my_motor:/home/qkenrrltk2/xycar_ws/install/my_imu:/opt/ros/humble', 'SHELL': '/bin/bash', 'LESSCLOSE': '/usr/bin/lesspipe %s %s', 'PWD': '/home/qkenrrltk2/xycar_ws/src/build/track_drive', 'XDG_DATA_DIRS': '/usr/local/share:/usr/share:/var/lib/snapd/desktop', 'PYTHONPATH': '/home/qkenrrltk2/xycar_ws/src/build/track_drive/prefix_override:/usr/lib/python3/dist-packages/colcon_core/task/python/colcon_distutils_commands:/home/qkenrrltk2/xycar_ws/src/install/track_drive/lib/python3.10/site-packages:/home/qkenrrltk2/xycar_ws/src/install/my_lidar/lib/python3.10/site-packages:/home/qkenrrltk2/xycar_ws/src/install/my_cam/lib/python3.10/site-packages:/home/qkenrrltk2/xycar_ws/src/install/kookmin9_viewer/lib/python3.10/site-packages:/home/qkenrrltk2/xycar_ws/src/install/xycar_msgs/local/lib/python3.10/dist-packages:/home/qkenrrltk2/xycar_ws/src/install/track_drive/lib/python3.10/site-packages:/home/qkenrrltk2/xycar_ws/src/install/ros_tcp_endpoint/lib/python3.10/site-packages:/home/qkenrrltk2/xycar_ws/src/install/recognition/lib/python3.10/site-packages:/home/qkenrrltk2/xycar_ws/src/install/my_motor/lib/python3.10/site-packages:/home/qkenrrltk2/xycar_ws/src/install/my_imu/lib/python3.10/site-packages:/home/qkenrrltk2/xycar_ws/install/my_lidar/lib/python3.10/site-packages:/home/qkenrrltk2/xycar_ws/install/my_cam/lib/python3.10/site-packages:/home/qkenrrltk2/xycar_ws/install/kookmin9_viewer/lib/python3.10/site-packages:/home/qkenrrltk2/xycar_ws/install/xycar_msgs/local/lib/python3.10/dist-packages:/home/qkenrrltk2/xycar_ws/install/track_drive/lib/python3.10/site-packages:/home/qkenrrltk2/xycar_ws/install/ros_tcp_endpoint/lib/python3.10/site-packages:/home/qkenrrltk2/xycar_ws/install/my_motor/lib/python3.10/site-packages:/home/qkenrrltk2/xycar_ws/install/my_imu/lib/python3.10/site-packages:/opt/ros/humble/lib/python3.10/site-packages:/opt/ros/humble/local/lib/python3.10/dist-packages', 'COLCON': '1', 'WSL2_GUI_APPS_ENABLED': '1', 'HOSTTYPE': 'x86_64', 'CMAKE_PREFIX_PATH': '/home/qkenrrltk2/xycar_ws/src/install/xycar_msgs:/home/qkenrrltk2/xycar_ws/install/xycar_msgs', 'WSLENV': 'WT_SESSION:WT_PROFILE_ID:'}, 'shell': False}
[1.743709] (my_imu) Command: {'cmd': ['/usr/bin/python3', '-W', 'ignore:setup.py install is deprecated', '-W', 'ignore:easy_install command is deprecated', 'setup.py', 'egg_info', '--egg-base', '../build/my_imu', 'build', '--build-base', '/home/qkenrrltk2/xycar_ws/src/build/my_imu/build', 'install', '--record', '/home/qkenrrltk2/xycar_ws/src/build/my_imu/install.log', '--single-version-externally-managed', 'install_data'], 'cwd': '/home/qkenrrltk2/xycar_ws/src/my_imu', 'env': {'LESSOPEN': '| /usr/bin/lesspipe %s', 'USER': 'qkenrrltk2', 'ROS_NAMESPACE': 'xycar', 'SHLVL': '1', 'LD_LIBRARY_PATH': '/home/qkenrrltk2/xycar_ws/src/install/xycar_msgs/lib:/home/qkenrrltk2/xycar_ws/install/xycar_msgs/lib:/opt/ros/humble/opt/rviz_ogre_vendor/lib:/opt/ros/humble/lib/x86_64-linux-gnu:/opt/ros/humble/lib', 'WT_PROFILE_ID': '{61c54bbd-c2c6-5271-96e7-009a87ff44bf}', 'HOME': '/home/qkenrrltk2', 'OLDPWD': '/home/qkenrrltk2/xycar_ws', 'ROS_PYTHON_VERSION': '3', 'DBUS_SESSION_BUS_ADDRESS': 'unix:path=/run/user/1000/bus', 'WSL_DISTRO_NAME': 'Ubuntu-22.04', '_colcon_cd_root': '/home/qkenrrltk2/xycar_ws', 'WAYLAND_DISPLAY': 'wayland-0', 'COLCON_PREFIX_PATH': '/home/qkenrrltk2/xycar_ws/src/install:/home/qkenrrltk2/xycar_ws/install', 'ROS_DISTRO': 'humble', 'LOGNAME': 'qkenrrltk2', 'NAME': 'localhost', 'WSL_INTEROP': '/run/WSL/449_interop', 'PULSE_SERVER': 'unix:/mnt/wslg/PulseServer', '_': '/usr/bin/colcon', 'ROS_VERSION': '2', 'TERM': 'xterm-256color', 'ROS_LOCALHOST_ONLY': '0', 'PATH': '/home/qkenrrltk2/.local/bin:/opt/ros/humble/bin:/usr/local/sbin:/usr/local/bin:/usr/sbin:/usr/bin:/sbin:/bin:/usr/games:/usr/local/games:/usr/lib/wsl/lib:/mnt/c/WINDOWS/system32:/mnt/c/WINDOWS:/mnt/c/WINDOWS/System32/Wbem:/mnt/c/WINDOWS/System32/WindowsPowerShell/v1.0/:/mnt/c/WINDOWS/System32/OpenSSH/:/mnt/c/Program Files/MATLAB/R2024a/bin:/mnt/c/msys64/ucrt64/bin:/mnt/c/Program Files (x86)/Windows Kits/10/Windows Performance Toolkit/:/mnt/c/Program Files (x86)/NVIDIA Corporation/PhysX/Common:/mnt/c/Program Files/NVIDIA Corporation/NVIDIA app/NvDLISR:/mnt/c/Program Files/dotnet/:/mnt/c/Users/PJH/AppData/Local/Programs/Python/Python313/Scripts/:/mnt/c/Users/PJH/AppData/Local/Programs/Python/Python313/:/mnt/c/Users/PJH/AppData/Local/Microsoft/WindowsApps:/mnt/c/Users/PJH/AppData/Local/afreeca:/mnt/c/Users/PJH/AppData/Local/SOOP:/mnt/c/Users/PJH/AppData/Local/Programs/Microsoft VS Code/bin:/snap/bin:/home/qkenrrltk2/.local/bin', 'WT_SESSION': 'ae539ccc-3b6e-409e-b343-ae95bdb8b06a', 'XDG_RUNTIME_DIR': '/run/user/1000', 'DISPLAY': ':0', 'LANG': 'C.UTF-8', 'LS_COLORS': 'rs=0:di=01;34:ln=01;36:mh=00:pi=40;33:so=01;35:do=01;35:bd=40;33;01:cd=40;33;01:or=40;31;01:mi=00:su=37;41:sg=30;43:ca=30;41:tw=30;42:ow=34;42:st=37;44:ex=01;32:*.tar=01;31:*.tgz=01;31:*.arc=01;31:*.arj=01;31:*.taz=01;31:*.lha=01;31:*.lz4=01;31:*.lzh=01;31:*.lzma=01;31:*.tlz=01;31:*.txz=01;31:*.tzo=01;31:*.t7z=01;31:*.zip=01;31:*.z=01;31:*.dz=01;31:*.gz=01;31:*.lrz=01;31:*.lz=01;31:*.lzo=01;31:*.xz=01;31:*.zst=01;31:*.tzst=01;31:*.bz2=01;31:*.bz=01;31:*.tbz=01;31:*.tbz2=01;31:*.tz=01;31:*.deb=01;31:*.rpm=01;31:*.jar=01;31:*.war=01;31:*.ear=01;31:*.sar=01;31:*.rar=01;31:*.alz=01;31:*.ace=01;31:*.zoo=01;31:*.cpio=01;31:*.7z=01;31:*.rz=01;31:*.cab=01;31:*.wim=01;31:*.swm=01;31:*.dwm=01;31:*.esd=01;31:*.jpg=01;35:*.jpeg=01;35:*.mjpg=01;35:*.mjpeg=01;35:*.gif=01;35:*.bmp=01;35:*.pbm=01;35:*.pgm=01;35:*.ppm=01;35:*.tga=01;35:*.xbm=01;35:*.xpm=01;35:*.tif=01;35:*.tiff=01;35:*.png=01;35:*.svg=01;35:*.svgz=01;35:*.mng=01;35:*.pcx=01;35:*.mov=01;35:*.mpg=01;35:*.mpeg=01;35:*.m2v=01;35:*.mkv=01;35:*.webm=01;35:*.webp=01;35:*.ogm=01;35:*.mp4=01;35:*.m4v=01;35:*.mp4v=01;35:*.vob=01;35:*.qt=01;35:*.nuv=01;35:*.wmv=01;35:*.asf=01;35:*.rm=01;35:*.rmvb=01;35:*.flc=01;35:*.avi=01;35:*.fli=01;35:*.flv=01;35:*.gl=01;35:*.dl=01;35:*.xcf=01;35:*.xwd=01;35:*.yuv=01;35:*.cgm=01;35:*.emf=01;35:*.ogv=01;35:*.ogx=01;35:*.aac=00;36:*.au=00;36:*.flac=00;36:*.m4a=00;36:*.mid=00;36:*.midi=00;36:*.mka=00;36:*.mp3=00;36:*.mpc=00;36:*.ogg=00;36:*.ra=00;36:*.wav=00;36:*.oga=00;36:*.opus=00;36:*.spx=00;36:*.xspf=00;36:', 'ROS_DOMAIN_ID': '7', 'AMENT_PREFIX_PATH': '/home/qkenrrltk2/xycar_ws/src/install/my_lidar:/home/qkenrrltk2/xycar_ws/src/install/my_cam:/home/qkenrrltk2/xycar_ws/src/install/kookmin9_viewer:/home/qkenrrltk2/xycar_ws/src/install/xycar_msgs:/home/qkenrrltk2/xycar_ws/src/install/track_drive:/home/qkenrrltk2/xycar_ws/src/install/ros_tcp_endpoint:/home/qkenrrltk2/xycar_ws/src/install/recognition:/home/qkenrrltk2/xycar_ws/src/install/my_motor:/home/qkenrrltk2/xycar_ws/src/install/my_imu:/home/qkenrrltk2/xycar_ws/install/my_lidar:/home/qkenrrltk2/xycar_ws/install/my_cam:/home/qkenrrltk2/xycar_ws/install/kookmin9_viewer:/home/qkenrrltk2/xycar_ws/install/xycar_msgs:/home/qkenrrltk2/xycar_ws/install/track_drive:/home/qkenrrltk2/xycar_ws/install/ros_tcp_endpoint:/home/qkenrrltk2/xycar_ws/install/my_motor:/home/qkenrrltk2/xycar_ws/install/my_imu:/opt/ros/humble', 'SHELL': '/bin/bash', 'LESSCLOSE': '/usr/bin/lesspipe %s %s', 'PWD': '/home/qkenrrltk2/xycar_ws/src/build/my_imu', 'XDG_DATA_DIRS': '/usr/local/share:/usr/share:/var/lib/snapd/desktop', 'PYTHONPATH': '/home/qkenrrltk2/xycar_ws/src/build/my_imu/prefix_override:/usr/lib/python3/dist-packages/colcon_core/task/python/colcon_distutils_commands:/home/qkenrrltk2/xycar_ws/src/install/my_imu/lib/python3.10/site-packages:/home/qkenrrltk2/xycar_ws/src/install/my_lidar/lib/python3.10/site-packages:/home/qkenrrltk2/xycar_ws/src/install/my_cam/lib/python3.10/site-packages:/home/qkenrrltk2/xycar_ws/src/install/kookmin9_viewer/lib/python3.10/site-packages:/home/qkenrrltk2/xycar_ws/src/install/xycar_msgs/local/lib/python3.10/dist-packages:/home/qkenrrltk2/xycar_ws/src/install/track_drive/lib/python3.10/site-packages:/home/qkenrrltk2/xycar_ws/src/install/ros_tcp_endpoint/lib/python3.10/site-packages:/home/qkenrrltk2/xycar_ws/src/install/recognition/lib/python3.10/site-packages:/home/qkenrrltk2/xycar_ws/src/install/my_motor/lib/python3.10/site-packages:/home/qkenrrltk2/xycar_ws/src/install/my_imu/lib/python3.10/site-packages:/home/qkenrrltk2/xycar_ws/install/my_lidar/lib/python3.10/site-packages:/home/qkenrrltk2/xycar_ws/install/my_cam/lib/python3.10/site-packages:/home/qkenrrltk2/xycar_ws/install/kookmin9_viewer/lib/python3.10/site-packages:/home/qkenrrltk2/xycar_ws/install/xycar_msgs/local/lib/python3.10/dist-packages:/home/qkenrrltk2/xycar_ws/install/track_drive/lib/python3.10/site-packages:/home/qkenrrltk2/xycar_ws/install/ros_tcp_endpoint/lib/python3.10/site-packages:/home/qkenrrltk2/xycar_ws/install/my_motor/lib/python3.10/site-packages:/home/qkenrrltk2/xycar_ws/install/my_imu/lib/python3.10/site-packages:/opt/ros/humble/lib/python3.10/site-packages:/opt/ros/humble/local/lib/python3.10/dist-packages', 'COLCON': '1', 'WSL2_GUI_APPS_ENABLED': '1', 'HOSTTYPE': 'x86_64', 'CMAKE_PREFIX_PATH': '/home/qkenrrltk2/xycar_ws/src/install/xycar_msgs:/home/qkenrrltk2/xycar_ws/install/xycar_msgs', 'WSLENV': 'WT_SESSION:WT_PROFILE_ID:'}, 'shell': False}
[1.747159] (recognition) Command: {'cmd': ['/usr/bin/python3', '-W', 'ignore:setup.py install is deprecated', '-W', 'ignore:easy_install command is deprecated', 'setup.py', 'egg_info', '--egg-base', '../build/recognition', 'build', '--build-base', '/home/qkenrrltk2/xycar_ws/src/build/recognition/build', 'install', '--record', '/home/qkenrrltk2/xycar_ws/src/build/recognition/install.log', '--single-version-externally-managed', 'install_data'], 'cwd': '/home/qkenrrltk2/xycar_ws/src/recognition', 'env': {'LESSOPEN': '| /usr/bin/lesspipe %s', 'USER': 'qkenrrltk2', 'ROS_NAMESPACE': 'xycar', 'SHLVL': '1', 'LD_LIBRARY_PATH': '/home/qkenrrltk2/xycar_ws/src/install/xycar_msgs/lib:/home/qkenrrltk2/xycar_ws/install/xycar_msgs/lib:/opt/ros/humble/opt/rviz_ogre_vendor/lib:/opt/ros/humble/lib/x86_64-linux-gnu:/opt/ros/humble/lib', 'WT_PROFILE_ID': '{61c54bbd-c2c6-5271-96e7-009a87ff44bf}', 'HOME': '/home/qkenrrltk2', 'OLDPWD': '/home/qkenrrltk2/xycar_ws', 'ROS_PYTHON_VERSION': '3', 'DBUS_SESSION_BUS_ADDRESS': 'unix:path=/run/user/1000/bus', 'WSL_DISTRO_NAME': 'Ubuntu-22.04', '_colcon_cd_root': '/home/qkenrrltk2/xycar_ws', 'WAYLAND_DISPLAY': 'wayland-0', 'COLCON_PREFIX_PATH': '/home/qkenrrltk2/xycar_ws/src/install:/home/qkenrrltk2/xycar_ws/install', 'ROS_DISTRO': 'humble', 'LOGNAME': 'qkenrrltk2', 'NAME': 'localhost', 'WSL_INTEROP': '/run/WSL/449_interop', 'PULSE_SERVER': 'unix:/mnt/wslg/PulseServer', '_': '/usr/bin/colcon', 'ROS_VERSION': '2', 'TERM': 'xterm-256color', 'ROS_LOCALHOST_ONLY': '0', 'PATH': '/home/qkenrrltk2/.local/bin:/opt/ros/humble/bin:/usr/local/sbin:/usr/local/bin:/usr/sbin:/usr/bin:/sbin:/bin:/usr/games:/usr/local/games:/usr/lib/wsl/lib:/mnt/c/WINDOWS/system32:/mnt/c/WINDOWS:/mnt/c/WINDOWS/System32/Wbem:/mnt/c/WINDOWS/System32/WindowsPowerShell/v1.0/:/mnt/c/WINDOWS/System32/OpenSSH/:/mnt/c/Program Files/MATLAB/R2024a/bin:/mnt/c/msys64/ucrt64/bin:/mnt/c/Program Files (x86)/Windows Kits/10/Windows Performance Toolkit/:/mnt/c/Program Files (x86)/NVIDIA Corporation/PhysX/Common:/mnt/c/Program Files/NVIDIA Corporation/NVIDIA app/NvDLISR:/mnt/c/Program Files/dotnet/:/mnt/c/Users/PJH/AppData/Local/Programs/Python/Python313/Scripts/:/mnt/c/Users/PJH/AppData/Local/Programs/Python/Python313/:/mnt/c/Users/PJH/AppData/Local/Microsoft/WindowsApps:/mnt/c/Users/PJH/AppData/Local/afreeca:/mnt/c/Users/PJH/AppData/Local/SOOP:/mnt/c/Users/PJH/AppData/Local/Programs/Microsoft VS Code/bin:/snap/bin:/home/qkenrrltk2/.local/bin', 'WT_SESSION': 'ae539ccc-3b6e-409e-b343-ae95bdb8b06a', 'XDG_RUNTIME_DIR': '/run/user/1000', 'DISPLAY': ':0', 'LANG': 'C.UTF-8', 'LS_COLORS': 'rs=0:di=01;34:ln=01;36:mh=00:pi=40;33:so=01;35:do=01;35:bd=40;33;01:cd=40;33;01:or=40;31;01:mi=00:su=37;41:sg=30;43:ca=30;41:tw=30;42:ow=34;42:st=37;44:ex=01;32:*.tar=01;31:*.tgz=01;31:*.arc=01;31:*.arj=01;31:*.taz=01;31:*.lha=01;31:*.lz4=01;31:*.lzh=01;31:*.lzma=01;31:*.tlz=01;31:*.txz=01;31:*.tzo=01;31:*.t7z=01;31:*.zip=01;31:*.z=01;31:*.dz=01;31:*.gz=01;31:*.lrz=01;31:*.lz=01;31:*.lzo=01;31:*.xz=01;31:*.zst=01;31:*.tzst=01;31:*.bz2=01;31:*.bz=01;31:*.tbz=01;31:*.tbz2=01;31:*.tz=01;31:*.deb=01;31:*.rpm=01;31:*.jar=01;31:*.war=01;31:*.ear=01;31:*.sar=01;31:*.rar=01;31:*.alz=01;31:*.ace=01;31:*.zoo=01;31:*.cpio=01;31:*.7z=01;31:*.rz=01;31:*.cab=01;31:*.wim=01;31:*.swm=01;31:*.dwm=01;31:*.esd=01;31:*.jpg=01;35:*.jpeg=01;35:*.mjpg=01;35:*.mjpeg=01;35:*.gif=01;35:*.bmp=01;35:*.pbm=01;35:*.pgm=01;35:*.ppm=01;35:*.tga=01;35:*.xbm=01;35:*.xpm=01;35:*.tif=01;35:*.tiff=01;35:*.png=01;35:*.svg=01;35:*.svgz=01;35:*.mng=01;35:*.pcx=01;35:*.mov=01;35:*.mpg=01;35:*.mpeg=01;35:*.m2v=01;35:*.mkv=01;35:*.webm=01;35:*.webp=01;35:*.ogm=01;35:*.mp4=01;35:*.m4v=01;35:*.mp4v=01;35:*.vob=01;35:*.qt=01;35:*.nuv=01;35:*.wmv=01;35:*.asf=01;35:*.rm=01;35:*.rmvb=01;35:*.flc=01;35:*.avi=01;35:*.fli=01;35:*.flv=01;35:*.gl=01;35:*.dl=01;35:*.xcf=01;35:*.xwd=01;35:*.yuv=01;35:*.cgm=01;35:*.emf=01;35:*.ogv=01;35:*.ogx=01;35:*.aac=00;36:*.au=00;36:*.flac=00;36:*.m4a=00;36:*.mid=00;36:*.midi=00;36:*.mka=00;36:*.mp3=00;36:*.mpc=00;36:*.ogg=00;36:*.ra=00;36:*.wav=00;36:*.oga=00;36:*.opus=00;36:*.spx=00;36:*.xspf=00;36:', 'ROS_DOMAIN_ID': '7', 'AMENT_PREFIX_PATH': '/home/qkenrrltk2/xycar_ws/src/install/my_lidar:/home/qkenrrltk2/xycar_ws/src/install/my_cam:/home/qkenrrltk2/xycar_ws/src/install/kookmin9_viewer:/home/qkenrrltk2/xycar_ws/src/install/xycar_msgs:/home/qkenrrltk2/xycar_ws/src/install/track_drive:/home/qkenrrltk2/xycar_ws/src/install/ros_tcp_endpoint:/home/qkenrrltk2/xycar_ws/src/install/recognition:/home/qkenrrltk2/xycar_ws/src/install/my_motor:/home/qkenrrltk2/xycar_ws/src/install/my_imu:/home/qkenrrltk2/xycar_ws/install/my_lidar:/home/qkenrrltk2/xycar_ws/install/my_cam:/home/qkenrrltk2/xycar_ws/install/kookmin9_viewer:/home/qkenrrltk2/xycar_ws/install/xycar_msgs:/home/qkenrrltk2/xycar_ws/install/track_drive:/home/qkenrrltk2/xycar_ws/install/ros_tcp_endpoint:/home/qkenrrltk2/xycar_ws/install/my_motor:/home/qkenrrltk2/xycar_ws/install/my_imu:/opt/ros/humble', 'SHELL': '/bin/bash', 'LESSCLOSE': '/usr/bin/lesspipe %s %s', 'PWD': '/home/qkenrrltk2/xycar_ws/src/build/recognition', 'XDG_DATA_DIRS': '/usr/local/share:/usr/share:/var/lib/snapd/desktop', 'PYTHONPATH': '/home/qkenrrltk2/xycar_ws/src/build/recognition/prefix_override:/usr/lib/python3/dist-packages/colcon_core/task/python/colcon_distutils_commands:/home/qkenrrltk2/xycar_ws/src/install/recognition/lib/python3.10/site-packages:/home/qkenrrltk2/xycar_ws/src/install/my_lidar/lib/python3.10/site-packages:/home/qkenrrltk2/xycar_ws/src/install/my_cam/lib/python3.10/site-packages:/home/qkenrrltk2/xycar_ws/src/install/kookmin9_viewer/lib/python3.10/site-packages:/home/qkenrrltk2/xycar_ws/src/install/xycar_msgs/local/lib/python3.10/dist-packages:/home/qkenrrltk2/xycar_ws/src/install/track_drive/lib/python3.10/site-packages:/home/qkenrrltk2/xycar_ws/src/install/ros_tcp_endpoint/lib/python3.10/site-packages:/home/qkenrrltk2/xycar_ws/src/install/recognition/lib/python3.10/site-packages:/home/qkenrrltk2/xycar_ws/src/install/my_motor/lib/python3.10/site-packages:/home/qkenrrltk2/xycar_ws/src/install/my_imu/lib/python3.10/site-packages:/home/qkenrrltk2/xycar_ws/install/my_lidar/lib/python3.10/site-packages:/home/qkenrrltk2/xycar_ws/install/my_cam/lib/python3.10/site-packages:/home/qkenrrltk2/xycar_ws/install/kookmin9_viewer/lib/python3.10/site-packages:/home/qkenrrltk2/xycar_ws/install/xycar_msgs/local/lib/python3.10/dist-packages:/home/qkenrrltk2/xycar_ws/install/track_drive/lib/python3.10/site-packages:/home/qkenrrltk2/xycar_ws/install/ros_tcp_endpoint/lib/python3.10/site-packages:/home/qkenrrltk2/xycar_ws/install/my_motor/lib/python3.10/site-packages:/home/qkenrrltk2/xycar_ws/install/my_imu/lib/python3.10/site-packages:/opt/ros/humble/lib/python3.10/site-packages:/opt/ros/humble/local/lib/python3.10/dist-packages', 'COLCON': '1', 'WSL2_GUI_APPS_ENABLED': '1', 'HOSTTYPE': 'x86_64', 'CMAKE_PREFIX_PATH': '/home/qkenrrltk2/xycar_ws/src/install/xycar_msgs:/home/qkenrrltk2/xycar_ws/install/xycar_msgs', 'WSLENV': 'WT_SESSION:WT_PROFILE_ID:'}, 'shell': False}
[1.824722] (-) TimerEvent: {}
[1.926310] (-) TimerEvent: {}
[1.944561] (my_motor) StdoutLine: {'line': b'running egg_info\n'}
[1.945397] (my_motor) StdoutLine: {'line': b'writing ../build/my_motor/my_motor.egg-info/PKG-INFO\n'}
[1.945629] (my_motor) StdoutLine: {'line': b'writing dependency_links to ../build/my_motor/my_motor.egg-info/dependency_links.txt\n'}
[1.945956] (my_motor) StdoutLine: {'line': b'writing entry points to ../build/my_motor/my_motor.egg-info/entry_points.txt\n'}
[1.946246] (my_motor) StdoutLine: {'line': b'writing requirements to ../build/my_motor/my_motor.egg-info/requires.txt\n'}
[1.946313] (my_motor) StdoutLine: {'line': b'writing top-level names to ../build/my_motor/my_motor.egg-info/top_level.txt\n'}
[1.946351] (track_drive) StdoutLine: {'line': b'running egg_info\n'}
[1.946688] (track_drive) StdoutLine: {'line': b'writing ../build/track_drive/track_drive.egg-info/PKG-INFO\n'}
[1.946952] (track_drive) StdoutLine: {'line': b'writing dependency_links to ../build/track_drive/track_drive.egg-info/dependency_links.txt\n'}
[1.947143] (track_drive) StdoutLine: {'line': b'writing entry points to ../build/track_drive/track_drive.egg-info/entry_points.txt\n'}
[1.947225] (track_drive) StdoutLine: {'line': b'writing requirements to ../build/track_drive/track_drive.egg-info/requires.txt\n'}
[1.947288] (track_drive) StdoutLine: {'line': b'writing top-level names to ../build/track_drive/track_drive.egg-info/top_level.txt\n'}
[1.947954] (recognition) StdoutLine: {'line': b'running egg_info\n'}
[1.948216] (my_motor) StdoutLine: {'line': b"reading manifest file '../build/my_motor/my_motor.egg-info/SOURCES.txt'\n"}
[1.948676] (my_motor) StdoutLine: {'line': b"adding license file 'LICENSE'\n"}
[1.948904] (track_drive) StdoutLine: {'line': b"reading manifest file '../build/track_drive/track_drive.egg-info/SOURCES.txt'\n"}
[1.948991] (recognition) StdoutLine: {'line': b'writing ../build/recognition/recognition.egg-info/PKG-INFO\n'}
[1.949295] (my_motor) StdoutLine: {'line': b"writing manifest file '../build/my_motor/my_motor.egg-info/SOURCES.txt'\n"}
[1.949418] (my_motor) StdoutLine: {'line': b'running build\n'}
[1.949485] (my_motor) StdoutLine: {'line': b'running build_py\n'}
[1.949546] (recognition) StdoutLine: {'line': b'writing dependency_links to ../build/recognition/recognition.egg-info/dependency_links.txt\n'}
[1.949699] (recognition) StdoutLine: {'line': b'writing entry points to ../build/recognition/recognition.egg-info/entry_points.txt\n'}
[1.949968] (recognition) StdoutLine: {'line': b'writing requirements to ../build/recognition/recognition.egg-info/requires.txt\n'}
[1.950027] (recognition) StdoutLine: {'line': b'writing top-level names to ../build/recognition/recognition.egg-info/top_level.txt\n'}
[1.950064] (track_drive) StdoutLine: {'line': b"adding license file 'LICENSE'\n"}
[1.950104] (my_motor) StdoutLine: {'line': b'running install\n'}
[1.950142] (my_motor) StdoutLine: {'line': b'running install_lib\n'}
[1.950209] (track_drive) StdoutLine: {'line': b"writing manifest file '../build/track_drive/track_drive.egg-info/SOURCES.txt'\n"}
[1.950399] (track_drive) StdoutLine: {'line': b'running build\n'}
[1.950713] (track_drive) StdoutLine: {'line': b'running build_py\n'}
[1.950758] (track_drive) StdoutLine: {'line': b'running install\n'}
[1.950784] (my_imu) StdoutLine: {'line': b'running egg_info\n'}
[1.950825] (track_drive) StdoutLine: {'line': b'running install_lib\n'}
[1.950847] (recognition) StdoutLine: {'line': b"reading manifest file '../build/recognition/recognition.egg-info/SOURCES.txt'\n"}
[1.951229] (my_imu) StdoutLine: {'line': b'writing ../build/my_imu/my_imu.egg-info/PKG-INFO\n'}
[1.951471] (my_imu) StdoutLine: {'line': b'writing dependency_links to ../build/my_imu/my_imu.egg-info/dependency_links.txt\n'}
[1.951726] (my_imu) StdoutLine: {'line': b'writing entry points to ../build/my_imu/my_imu.egg-info/entry_points.txt\n'}
[1.951964] (my_imu) StdoutLine: {'line': b'writing requirements to ../build/my_imu/my_imu.egg-info/requires.txt\n'}
[1.952152] (my_imu) StdoutLine: {'line': b'writing top-level names to ../build/my_imu/my_imu.egg-info/top_level.txt\n'}
[1.952375] (my_motor) StdoutLine: {'line': b'running install_data\n'}
[1.952635] (my_motor) StdoutLine: {'line': b'running install_egg_info\n'}
[1.952693] (recognition) StdoutLine: {'line': b"writing manifest file '../build/recognition/recognition.egg-info/SOURCES.txt'\n"}
[1.952744] (recognition) StdoutLine: {'line': b'running build\n'}
[1.952784] (recognition) StdoutLine: {'line': b'running build_py\n'}
[1.952822] (recognition) StdoutLine: {'line': b'running install\n'}
[1.952862] (track_drive) StdoutLine: {'line': b'running install_data\n'}
[1.952908] (recognition) StdoutLine: {'line': b'running install_lib\n'}
[1.952945] (track_drive) StdoutLine: {'line': b'running install_egg_info\n'}
[1.953720] (my_motor) StdoutLine: {'line': b"removing '/home/qkenrrltk2/xycar_ws/src/install/my_motor/lib/python3.10/site-packages/my_motor-0.0.0-py3.10.egg-info' (and everything under it)\n"}
[1.954145] (my_motor) StdoutLine: {'line': b'Copying ../build/my_motor/my_motor.egg-info to /home/qkenrrltk2/xycar_ws/src/install/my_motor/lib/python3.10/site-packages/my_motor-0.0.0-py3.10.egg-info\n'}
[1.954266] (my_imu) StdoutLine: {'line': b"reading manifest file '../build/my_imu/my_imu.egg-info/SOURCES.txt'\n"}
[1.954601] (recognition) StdoutLine: {'line': b'running install_data\n'}
[1.954809] (recognition) StdoutLine: {'line': b'running install_egg_info\n'}
[1.954926] (ros_tcp_endpoint) StdoutLine: {'line': b'running egg_info\n'}
[1.955082] (track_drive) StdoutLine: {'line': b"removing '/home/qkenrrltk2/xycar_ws/src/install/track_drive/lib/python3.10/site-packages/track_drive-0.0.0-py3.10.egg-info' (and everything under it)\n"}
[1.955122] (track_drive) StdoutLine: {'line': b'Copying ../build/track_drive/track_drive.egg-info to /home/qkenrrltk2/xycar_ws/src/install/track_drive/lib/python3.10/site-packages/track_drive-0.0.0-py3.10.egg-info\n'}
[1.955326] (my_imu) StdoutLine: {'line': b"writing manifest file '../build/my_imu/my_imu.egg-info/SOURCES.txt'\n"}
[1.955422] (ros_tcp_endpoint) StdoutLine: {'line': b'writing ../build/ros_tcp_endpoint/ros_tcp_endpoint.egg-info/PKG-INFO\n'}
[1.955762] (ros_tcp_endpoint) StdoutLine: {'line': b'writing dependency_links to ../build/ros_tcp_endpoint/ros_tcp_endpoint.egg-info/dependency_links.txt\n'}
[1.955878] (ros_tcp_endpoint) StdoutLine: {'line': b'writing entry points to ../build/ros_tcp_endpoint/ros_tcp_endpoint.egg-info/entry_points.txt\n'}
[1.956055] (my_motor) StdoutLine: {'line': b'running install_scripts\n'}
[1.956278] (ros_tcp_endpoint) StdoutLine: {'line': b'writing requirements to ../build/ros_tcp_endpoint/ros_tcp_endpoint.egg-info/requires.txt\n'}
[1.956456] (ros_tcp_endpoint) StdoutLine: {'line': b'writing top-level names to ../build/ros_tcp_endpoint/ros_tcp_endpoint.egg-info/top_level.txt\n'}
[1.956542] (my_imu) StdoutLine: {'line': b'running build\n'}
[1.956614] (my_imu) StdoutLine: {'line': b'running build_py\n'}
[1.956674] (recognition) StdoutLine: {'line': b"removing '/home/qkenrrltk2/xycar_ws/src/install/recognition/lib/python3.10/site-packages/recognition-0.0.0-py3.10.egg-info' (and everything under it)\n"}
[1.956744] (recognition) StdoutLine: {'line': b'Copying ../build/recognition/recognition.egg-info to /home/qkenrrltk2/xycar_ws/src/install/recognition/lib/python3.10/site-packages/recognition-0.0.0-py3.10.egg-info\n'}
[1.956809] (my_imu) StdoutLine: {'line': b'running install\n'}
[1.956864] (my_imu) StdoutLine: {'line': b'running install_lib\n'}
[1.956923] (track_drive) StdoutLine: {'line': b'running install_scripts\n'}
[1.957154] (recognition) StdoutLine: {'line': b'running install_scripts\n'}
[1.957708] (my_imu) StdoutLine: {'line': b'running install_data\n'}
[1.957862] (my_imu) StdoutLine: {'line': b'running install_egg_info\n'}
[1.958477] (ros_tcp_endpoint) StdoutLine: {'line': b"reading manifest file '../build/ros_tcp_endpoint/ros_tcp_endpoint.egg-info/SOURCES.txt'\n"}
[1.959321] (ros_tcp_endpoint) StdoutLine: {'line': b"adding license file 'LICENSE'\n"}
[1.959537] (my_imu) StdoutLine: {'line': b"removing '/home/qkenrrltk2/xycar_ws/src/install/my_imu/lib/python3.10/site-packages/my_imu-0.0.0-py3.10.egg-info' (and everything under it)\n"}
[1.959696] (my_imu) StdoutLine: {'line': b'Copying ../build/my_imu/my_imu.egg-info to /home/qkenrrltk2/xycar_ws/src/install/my_imu/lib/python3.10/site-packages/my_imu-0.0.0-py3.10.egg-info\n'}
[1.959919] (ros_tcp_endpoint) StdoutLine: {'line': b"writing manifest file '../build/ros_tcp_endpoint/ros_tcp_endpoint.egg-info/SOURCES.txt'\n"}
[1.959963] (ros_tcp_endpoint) StdoutLine: {'line': b'running build\n'}
[1.959989] (ros_tcp_endpoint) StdoutLine: {'line': b'running build_py\n'}
[1.960465] (ros_tcp_endpoint) StdoutLine: {'line': b'running install\n'}
[1.960793] (ros_tcp_endpoint) StdoutLine: {'line': b'running install_lib\n'}
[1.961042] (my_imu) StdoutLine: {'line': b'running install_scripts\n'}
[1.962600] (ros_tcp_endpoint) StdoutLine: {'line': b'running install_data\n'}
[1.962830] (ros_tcp_endpoint) StdoutLine: {'line': b'running install_egg_info\n'}
[1.964463] (ros_tcp_endpoint) StdoutLine: {'line': b"removing '/home/qkenrrltk2/xycar_ws/src/install/ros_tcp_endpoint/lib/python3.10/site-packages/ros_tcp_endpoint-0.0.1-py3.10.egg-info' (and everything under it)\n"}
[1.964725] (ros_tcp_endpoint) StdoutLine: {'line': b'Copying ../build/ros_tcp_endpoint/ros_tcp_endpoint.egg-info to /home/qkenrrltk2/xycar_ws/src/install/ros_tcp_endpoint/lib/python3.10/site-packages/ros_tcp_endpoint-0.0.1-py3.10.egg-info\n'}
[1.965644] (ros_tcp_endpoint) StdoutLine: {'line': b'running install_scripts\n'}
[1.974205] (my_motor) StdoutLine: {'line': b'Installing go script to /home/qkenrrltk2/xycar_ws/src/install/my_motor/lib/my_motor\n'}
[1.974517] (my_motor) StdoutLine: {'line': b'Installing go_stop script to /home/qkenrrltk2/xycar_ws/src/install/my_motor/lib/my_motor\n'}
[1.974765] (my_motor) StdoutLine: {'line': b"writing list of installed files to '/home/qkenrrltk2/xycar_ws/src/build/my_motor/install.log'\n"}
[1.975176] (track_drive) StdoutLine: {'line': b'Installing track_drive script to /home/qkenrrltk2/xycar_ws/src/install/track_drive/lib/track_drive\n'}
[1.975765] (track_drive) StdoutLine: {'line': b"writing list of installed files to '/home/qkenrrltk2/xycar_ws/src/build/track_drive/install.log'\n"}
[1.980632] (my_imu) StdoutLine: {'line': b'Installing roll_pitch_yaw script to /home/qkenrrltk2/xycar_ws/src/install/my_imu/lib/my_imu\n'}
[1.981338] (my_imu) StdoutLine: {'line': b"writing list of installed files to '/home/qkenrrltk2/xycar_ws/src/build/my_imu/install.log'\n"}
[1.982498] (recognition) StdoutLine: {'line': b"writing list of installed files to '/home/qkenrrltk2/xycar_ws/src/build/recognition/install.log'\n"}
[1.986360] (ros_tcp_endpoint) StdoutLine: {'line': b'Installing default_server_endpoint script to /home/qkenrrltk2/xycar_ws/src/install/ros_tcp_endpoint/lib/ros_tcp_endpoint\n'}
[1.986723] (ros_tcp_endpoint) StdoutLine: {'line': b"writing list of installed files to '/home/qkenrrltk2/xycar_ws/src/build/ros_tcp_endpoint/install.log'\n"}
[2.007335] (my_motor) CommandEnded: {'returncode': 0}
[2.017452] (my_motor) JobEnded: {'identifier': 'my_motor', 'rc': 0}
[2.020112] (track_drive) CommandEnded: {'returncode': 0}
[2.026549] (-) TimerEvent: {}
[2.028247] (track_drive) JobEnded: {'identifier': 'track_drive', 'rc': 0}
[2.029987] (my_imu) CommandEnded: {'returncode': 0}
[2.036918] (my_imu) JobEnded: {'identifier': 'my_imu', 'rc': 0}
[2.037560] (recognition) CommandEnded: {'returncode': 0}
[2.044233] (recognition) JobEnded: {'identifier': 'recognition', 'rc': 0}
[2.045738] (my_cam) JobStarted: {'identifier': 'my_cam'}
[2.052353] (ros_tcp_endpoint) CommandEnded: {'returncode': 0}
[2.060546] (ros_tcp_endpoint) JobEnded: {'identifier': 'ros_tcp_endpoint', 'rc': 0}
[2.078701] (kookmin9_viewer) Command: {'cmd': ['/usr/bin/python3', '-W', 'ignore:setup.py install is deprecated', '-W', 'ignore:easy_install command is deprecated', 'setup.py', 'egg_info', '--egg-base', '../build/kookmin9_viewer', 'build', '--build-base', '/home/qkenrrltk2/xycar_ws/src/build/kookmin9_viewer/build', 'install', '--record', '/home/qkenrrltk2/xycar_ws/src/build/kookmin9_viewer/install.log', '--single-version-externally-managed', 'install_data'], 'cwd': '/home/qkenrrltk2/xycar_ws/src/kookmin9_viewer', 'env': {'LESSOPEN': '| /usr/bin/lesspipe %s', 'USER': 'qkenrrltk2', 'ROS_NAMESPACE': 'xycar', 'SHLVL': '1', 'LD_LIBRARY_PATH': '/home/qkenrrltk2/xycar_ws/src/install/xycar_msgs/lib:/home/qkenrrltk2/xycar_ws/install/xycar_msgs/lib:/opt/ros/humble/opt/rviz_ogre_vendor/lib:/opt/ros/humble/lib/x86_64-linux-gnu:/opt/ros/humble/lib', 'WT_PROFILE_ID': '{61c54bbd-c2c6-5271-96e7-009a87ff44bf}', 'HOME': '/home/qkenrrltk2', 'OLDPWD': '/home/qkenrrltk2/xycar_ws', 'ROS_PYTHON_VERSION': '3', 'DBUS_SESSION_BUS_ADDRESS': 'unix:path=/run/user/1000/bus', 'WSL_DISTRO_NAME': 'Ubuntu-22.04', '_colcon_cd_root': '/home/qkenrrltk2/xycar_ws', 'WAYLAND_DISPLAY': 'wayland-0', 'COLCON_PREFIX_PATH': '/home/qkenrrltk2/xycar_ws/src/install:/home/qkenrrltk2/xycar_ws/install', 'ROS_DISTRO': 'humble', 'LOGNAME': 'qkenrrltk2', 'NAME': 'localhost', 'WSL_INTEROP': '/run/WSL/449_interop', 'PULSE_SERVER': 'unix:/mnt/wslg/PulseServer', '_': '/usr/bin/colcon', 'ROS_VERSION': '2', 'TERM': 'xterm-256color', 'ROS_LOCALHOST_ONLY': '0', 'PATH': '/home/qkenrrltk2/.local/bin:/opt/ros/humble/bin:/usr/local/sbin:/usr/local/bin:/usr/sbin:/usr/bin:/sbin:/bin:/usr/games:/usr/local/games:/usr/lib/wsl/lib:/mnt/c/WINDOWS/system32:/mnt/c/WINDOWS:/mnt/c/WINDOWS/System32/Wbem:/mnt/c/WINDOWS/System32/WindowsPowerShell/v1.0/:/mnt/c/WINDOWS/System32/OpenSSH/:/mnt/c/Program Files/MATLAB/R2024a/bin:/mnt/c/msys64/ucrt64/bin:/mnt/c/Program Files (x86)/Windows Kits/10/Windows Performance Toolkit/:/mnt/c/Program Files (x86)/NVIDIA Corporation/PhysX/Common:/mnt/c/Program Files/NVIDIA Corporation/NVIDIA app/NvDLISR:/mnt/c/Program Files/dotnet/:/mnt/c/Users/PJH/AppData/Local/Programs/Python/Python313/Scripts/:/mnt/c/Users/PJH/AppData/Local/Programs/Python/Python313/:/mnt/c/Users/PJH/AppData/Local/Microsoft/WindowsApps:/mnt/c/Users/PJH/AppData/Local/afreeca:/mnt/c/Users/PJH/AppData/Local/SOOP:/mnt/c/Users/PJH/AppData/Local/Programs/Microsoft VS Code/bin:/snap/bin:/home/qkenrrltk2/.local/bin', 'WT_SESSION': 'ae539ccc-3b6e-409e-b343-ae95bdb8b06a', 'XDG_RUNTIME_DIR': '/run/user/1000', 'DISPLAY': ':0', 'LANG': 'C.UTF-8', 'LS_COLORS': 'rs=0:di=01;34:ln=01;36:mh=00:pi=40;33:so=01;35:do=01;35:bd=40;33;01:cd=40;33;01:or=40;31;01:mi=00:su=37;41:sg=30;43:ca=30;41:tw=30;42:ow=34;42:st=37;44:ex=01;32:*.tar=01;31:*.tgz=01;31:*.arc=01;31:*.arj=01;31:*.taz=01;31:*.lha=01;31:*.lz4=01;31:*.lzh=01;31:*.lzma=01;31:*.tlz=01;31:*.txz=01;31:*.tzo=01;31:*.t7z=01;31:*.zip=01;31:*.z=01;31:*.dz=01;31:*.gz=01;31:*.lrz=01;31:*.lz=01;31:*.lzo=01;31:*.xz=01;31:*.zst=01;31:*.tzst=01;31:*.bz2=01;31:*.bz=01;31:*.tbz=01;31:*.tbz2=01;31:*.tz=01;31:*.deb=01;31:*.rpm=01;31:*.jar=01;31:*.war=01;31:*.ear=01;31:*.sar=01;31:*.rar=01;31:*.alz=01;31:*.ace=01;31:*.zoo=01;31:*.cpio=01;31:*.7z=01;31:*.rz=01;31:*.cab=01;31:*.wim=01;31:*.swm=01;31:*.dwm=01;31:*.esd=01;31:*.jpg=01;35:*.jpeg=01;35:*.mjpg=01;35:*.mjpeg=01;35:*.gif=01;35:*.bmp=01;35:*.pbm=01;35:*.pgm=01;35:*.ppm=01;35:*.tga=01;35:*.xbm=01;35:*.xpm=01;35:*.tif=01;35:*.tiff=01;35:*.png=01;35:*.svg=01;35:*.svgz=01;35:*.mng=01;35:*.pcx=01;35:*.mov=01;35:*.mpg=01;35:*.mpeg=01;35:*.m2v=01;35:*.mkv=01;35:*.webm=01;35:*.webp=01;35:*.ogm=01;35:*.mp4=01;35:*.m4v=01;35:*.mp4v=01;35:*.vob=01;35:*.qt=01;35:*.nuv=01;35:*.wmv=01;35:*.asf=01;35:*.rm=01;35:*.rmvb=01;35:*.flc=01;35:*.avi=01;35:*.fli=01;35:*.flv=01;35:*.gl=01;35:*.dl=01;35:*.xcf=01;35:*.xwd=01;35:*.yuv=01;35:*.cgm=01;35:*.emf=01;35:*.ogv=01;35:*.ogx=01;35:*.aac=00;36:*.au=00;36:*.flac=00;36:*.m4a=00;36:*.mid=00;36:*.midi=00;36:*.mka=00;36:*.mp3=00;36:*.mpc=00;36:*.ogg=00;36:*.ra=00;36:*.wav=00;36:*.oga=00;36:*.opus=00;36:*.spx=00;36:*.xspf=00;36:', 'ROS_DOMAIN_ID': '7', 'AMENT_PREFIX_PATH': '/home/qkenrrltk2/xycar_ws/src/install/my_lidar:/home/qkenrrltk2/xycar_ws/src/install/my_cam:/home/qkenrrltk2/xycar_ws/src/install/kookmin9_viewer:/home/qkenrrltk2/xycar_ws/src/install/xycar_msgs:/home/qkenrrltk2/xycar_ws/src/install/track_drive:/home/qkenrrltk2/xycar_ws/src/install/ros_tcp_endpoint:/home/qkenrrltk2/xycar_ws/src/install/recognition:/home/qkenrrltk2/xycar_ws/src/install/my_motor:/home/qkenrrltk2/xycar_ws/src/install/my_imu:/home/qkenrrltk2/xycar_ws/install/my_lidar:/home/qkenrrltk2/xycar_ws/install/my_cam:/home/qkenrrltk2/xycar_ws/install/kookmin9_viewer:/home/qkenrrltk2/xycar_ws/install/xycar_msgs:/home/qkenrrltk2/xycar_ws/install/track_drive:/home/qkenrrltk2/xycar_ws/install/ros_tcp_endpoint:/home/qkenrrltk2/xycar_ws/install/my_motor:/home/qkenrrltk2/xycar_ws/install/my_imu:/opt/ros/humble', 'SHELL': '/bin/bash', 'LESSCLOSE': '/usr/bin/lesspipe %s %s', 'PWD': '/home/qkenrrltk2/xycar_ws/src/build/kookmin9_viewer', 'XDG_DATA_DIRS': '/usr/local/share:/usr/share:/var/lib/snapd/desktop', 'PYTHONPATH': '/home/qkenrrltk2/xycar_ws/src/build/kookmin9_viewer/prefix_override:/usr/lib/python3/dist-packages/colcon_core/task/python/colcon_distutils_commands:/home/qkenrrltk2/xycar_ws/src/install/kookmin9_viewer/lib/python3.10/site-packages:/home/qkenrrltk2/xycar_ws/src/install/my_lidar/lib/python3.10/site-packages:/home/qkenrrltk2/xycar_ws/src/install/my_cam/lib/python3.10/site-packages:/home/qkenrrltk2/xycar_ws/src/install/kookmin9_viewer/lib/python3.10/site-packages:/home/qkenrrltk2/xycar_ws/src/install/xycar_msgs/local/lib/python3.10/dist-packages:/home/qkenrrltk2/xycar_ws/src/install/track_drive/lib/python3.10/site-packages:/home/qkenrrltk2/xycar_ws/src/install/ros_tcp_endpoint/lib/python3.10/site-packages:/home/qkenrrltk2/xycar_ws/src/install/recognition/lib/python3.10/site-packages:/home/qkenrrltk2/xycar_ws/src/install/my_motor/lib/python3.10/site-packages:/home/qkenrrltk2/xycar_ws/src/install/my_imu/lib/python3.10/site-packages:/home/qkenrrltk2/xycar_ws/install/my_lidar/lib/python3.10/site-packages:/home/qkenrrltk2/xycar_ws/install/my_cam/lib/python3.10/site-packages:/home/qkenrrltk2/xycar_ws/install/kookmin9_viewer/lib/python3.10/site-packages:/home/qkenrrltk2/xycar_ws/install/xycar_msgs/local/lib/python3.10/dist-packages:/home/qkenrrltk2/xycar_ws/install/track_drive/lib/python3.10/site-packages:/home/qkenrrltk2/xycar_ws/install/ros_tcp_endpoint/lib/python3.10/site-packages:/home/qkenrrltk2/xycar_ws/install/my_motor/lib/python3.10/site-packages:/home/qkenrrltk2/xycar_ws/install/my_imu/lib/python3.10/site-packages:/opt/ros/humble/lib/python3.10/site-packages:/opt/ros/humble/local/lib/python3.10/dist-packages', 'COLCON': '1', 'WSL2_GUI_APPS_ENABLED': '1', 'HOSTTYPE': 'x86_64', 'CMAKE_PREFIX_PATH': '/home/qkenrrltk2/xycar_ws/src/install/xycar_msgs:/home/qkenrrltk2/xycar_ws/install/xycar_msgs', 'WSLENV': 'WT_SESSION:WT_PROFILE_ID:'}, 'shell': False}
[2.118156] (my_lidar) Command: {'cmd': ['/usr/bin/python3', '-W', 'ignore:setup.py install is deprecated', '-W', 'ignore:easy_install command is deprecated', 'setup.py', 'egg_info', '--egg-base', '../build/my_lidar', 'build', '--build-base', '/home/qkenrrltk2/xycar_ws/src/build/my_lidar/build', 'install', '--record', '/home/qkenrrltk2/xycar_ws/src/build/my_lidar/install.log', '--single-version-externally-managed', 'install_data'], 'cwd': '/home/qkenrrltk2/xycar_ws/src/my_lidar', 'env': {'LESSOPEN': '| /usr/bin/lesspipe %s', 'USER': 'qkenrrltk2', 'ROS_NAMESPACE': 'xycar', 'SHLVL': '1', 'LD_LIBRARY_PATH': '/home/qkenrrltk2/xycar_ws/src/install/xycar_msgs/lib:/home/qkenrrltk2/xycar_ws/install/xycar_msgs/lib:/opt/ros/humble/opt/rviz_ogre_vendor/lib:/opt/ros/humble/lib/x86_64-linux-gnu:/opt/ros/humble/lib', 'WT_PROFILE_ID': '{61c54bbd-c2c6-5271-96e7-009a87ff44bf}', 'HOME': '/home/qkenrrltk2', 'OLDPWD': '/home/qkenrrltk2/xycar_ws', 'ROS_PYTHON_VERSION': '3', 'DBUS_SESSION_BUS_ADDRESS': 'unix:path=/run/user/1000/bus', 'WSL_DISTRO_NAME': 'Ubuntu-22.04', '_colcon_cd_root': '/home/qkenrrltk2/xycar_ws', 'WAYLAND_DISPLAY': 'wayland-0', 'COLCON_PREFIX_PATH': '/home/qkenrrltk2/xycar_ws/src/install:/home/qkenrrltk2/xycar_ws/install', 'ROS_DISTRO': 'humble', 'LOGNAME': 'qkenrrltk2', 'NAME': 'localhost', 'WSL_INTEROP': '/run/WSL/449_interop', 'PULSE_SERVER': 'unix:/mnt/wslg/PulseServer', '_': '/usr/bin/colcon', 'ROS_VERSION': '2', 'TERM': 'xterm-256color', 'ROS_LOCALHOST_ONLY': '0', 'PATH': '/home/qkenrrltk2/.local/bin:/opt/ros/humble/bin:/usr/local/sbin:/usr/local/bin:/usr/sbin:/usr/bin:/sbin:/bin:/usr/games:/usr/local/games:/usr/lib/wsl/lib:/mnt/c/WINDOWS/system32:/mnt/c/WINDOWS:/mnt/c/WINDOWS/System32/Wbem:/mnt/c/WINDOWS/System32/WindowsPowerShell/v1.0/:/mnt/c/WINDOWS/System32/OpenSSH/:/mnt/c/Program Files/MATLAB/R2024a/bin:/mnt/c/msys64/ucrt64/bin:/mnt/c/Program Files (x86)/Windows Kits/10/Windows Performance Toolkit/:/mnt/c/Program Files (x86)/NVIDIA Corporation/PhysX/Common:/mnt/c/Program Files/NVIDIA Corporation/NVIDIA app/NvDLISR:/mnt/c/Program Files/dotnet/:/mnt/c/Users/PJH/AppData/Local/Programs/Python/Python313/Scripts/:/mnt/c/Users/PJH/AppData/Local/Programs/Python/Python313/:/mnt/c/Users/PJH/AppData/Local/Microsoft/WindowsApps:/mnt/c/Users/PJH/AppData/Local/afreeca:/mnt/c/Users/PJH/AppData/Local/SOOP:/mnt/c/Users/PJH/AppData/Local/Programs/Microsoft VS Code/bin:/snap/bin:/home/qkenrrltk2/.local/bin', 'WT_SESSION': 'ae539ccc-3b6e-409e-b343-ae95bdb8b06a', 'XDG_RUNTIME_DIR': '/run/user/1000', 'DISPLAY': ':0', 'LANG': 'C.UTF-8', 'LS_COLORS': 'rs=0:di=01;34:ln=01;36:mh=00:pi=40;33:so=01;35:do=01;35:bd=40;33;01:cd=40;33;01:or=40;31;01:mi=00:su=37;41:sg=30;43:ca=30;41:tw=30;42:ow=34;42:st=37;44:ex=01;32:*.tar=01;31:*.tgz=01;31:*.arc=01;31:*.arj=01;31:*.taz=01;31:*.lha=01;31:*.lz4=01;31:*.lzh=01;31:*.lzma=01;31:*.tlz=01;31:*.txz=01;31:*.tzo=01;31:*.t7z=01;31:*.zip=01;31:*.z=01;31:*.dz=01;31:*.gz=01;31:*.lrz=01;31:*.lz=01;31:*.lzo=01;31:*.xz=01;31:*.zst=01;31:*.tzst=01;31:*.bz2=01;31:*.bz=01;31:*.tbz=01;31:*.tbz2=01;31:*.tz=01;31:*.deb=01;31:*.rpm=01;31:*.jar=01;31:*.war=01;31:*.ear=01;31:*.sar=01;31:*.rar=01;31:*.alz=01;31:*.ace=01;31:*.zoo=01;31:*.cpio=01;31:*.7z=01;31:*.rz=01;31:*.cab=01;31:*.wim=01;31:*.swm=01;31:*.dwm=01;31:*.esd=01;31:*.jpg=01;35:*.jpeg=01;35:*.mjpg=01;35:*.mjpeg=01;35:*.gif=01;35:*.bmp=01;35:*.pbm=01;35:*.pgm=01;35:*.ppm=01;35:*.tga=01;35:*.xbm=01;35:*.xpm=01;35:*.tif=01;35:*.tiff=01;35:*.png=01;35:*.svg=01;35:*.svgz=01;35:*.mng=01;35:*.pcx=01;35:*.mov=01;35:*.mpg=01;35:*.mpeg=01;35:*.m2v=01;35:*.mkv=01;35:*.webm=01;35:*.webp=01;35:*.ogm=01;35:*.mp4=01;35:*.m4v=01;35:*.mp4v=01;35:*.vob=01;35:*.qt=01;35:*.nuv=01;35:*.wmv=01;35:*.asf=01;35:*.rm=01;35:*.rmvb=01;35:*.flc=01;35:*.avi=01;35:*.fli=01;35:*.flv=01;35:*.gl=01;35:*.dl=01;35:*.xcf=01;35:*.xwd=01;35:*.yuv=01;35:*.cgm=01;35:*.emf=01;35:*.ogv=01;35:*.ogx=01;35:*.aac=00;36:*.au=00;36:*.flac=00;36:*.m4a=00;36:*.mid=00;36:*.midi=00;36:*.mka=00;36:*.mp3=00;36:*.mpc=00;36:*.ogg=00;36:*.ra=00;36:*.wav=00;36:*.oga=00;36:*.opus=00;36:*.spx=00;36:*.xspf=00;36:', 'ROS_DOMAIN_ID': '7', 'AMENT_PREFIX_PATH': '/home/qkenrrltk2/xycar_ws/src/install/my_lidar:/home/qkenrrltk2/xycar_ws/src/install/my_cam:/home/qkenrrltk2/xycar_ws/src/install/kookmin9_viewer:/home/qkenrrltk2/xycar_ws/src/install/xycar_msgs:/home/qkenrrltk2/xycar_ws/src/install/track_drive:/home/qkenrrltk2/xycar_ws/src/install/ros_tcp_endpoint:/home/qkenrrltk2/xycar_ws/src/install/recognition:/home/qkenrrltk2/xycar_ws/src/install/my_motor:/home/qkenrrltk2/xycar_ws/src/install/my_imu:/home/qkenrrltk2/xycar_ws/install/my_lidar:/home/qkenrrltk2/xycar_ws/install/my_cam:/home/qkenrrltk2/xycar_ws/install/kookmin9_viewer:/home/qkenrrltk2/xycar_ws/install/xycar_msgs:/home/qkenrrltk2/xycar_ws/install/track_drive:/home/qkenrrltk2/xycar_ws/install/ros_tcp_endpoint:/home/qkenrrltk2/xycar_ws/install/my_motor:/home/qkenrrltk2/xycar_ws/install/my_imu:/opt/ros/humble', 'SHELL': '/bin/bash', 'LESSCLOSE': '/usr/bin/lesspipe %s %s', 'PWD': '/home/qkenrrltk2/xycar_ws/src/build/my_lidar', 'XDG_DATA_DIRS': '/usr/local/share:/usr/share:/var/lib/snapd/desktop', 'PYTHONPATH': '/home/qkenrrltk2/xycar_ws/src/build/my_lidar/prefix_override:/usr/lib/python3/dist-packages/colcon_core/task/python/colcon_distutils_commands:/home/qkenrrltk2/xycar_ws/src/install/my_lidar/lib/python3.10/site-packages:/home/qkenrrltk2/xycar_ws/src/install/my_lidar/lib/python3.10/site-packages:/home/qkenrrltk2/xycar_ws/src/install/my_cam/lib/python3.10/site-packages:/home/qkenrrltk2/xycar_ws/src/install/kookmin9_viewer/lib/python3.10/site-packages:/home/qkenrrltk2/xycar_ws/src/install/xycar_msgs/local/lib/python3.10/dist-packages:/home/qkenrrltk2/xycar_ws/src/install/track_drive/lib/python3.10/site-packages:/home/qkenrrltk2/xycar_ws/src/install/ros_tcp_endpoint/lib/python3.10/site-packages:/home/qkenrrltk2/xycar_ws/src/install/recognition/lib/python3.10/site-packages:/home/qkenrrltk2/xycar_ws/src/install/my_motor/lib/python3.10/site-packages:/home/qkenrrltk2/xycar_ws/src/install/my_imu/lib/python3.10/site-packages:/home/qkenrrltk2/xycar_ws/install/my_lidar/lib/python3.10/site-packages:/home/qkenrrltk2/xycar_ws/install/my_cam/lib/python3.10/site-packages:/home/qkenrrltk2/xycar_ws/install/kookmin9_viewer/lib/python3.10/site-packages:/home/qkenrrltk2/xycar_ws/install/xycar_msgs/local/lib/python3.10/dist-packages:/home/qkenrrltk2/xycar_ws/install/track_drive/lib/python3.10/site-packages:/home/qkenrrltk2/xycar_ws/install/ros_tcp_endpoint/lib/python3.10/site-packages:/home/qkenrrltk2/xycar_ws/install/my_motor/lib/python3.10/site-packages:/home/qkenrrltk2/xycar_ws/install/my_imu/lib/python3.10/site-packages:/opt/ros/humble/lib/python3.10/site-packages:/opt/ros/humble/local/lib/python3.10/dist-packages', 'COLCON': '1', 'WSL2_GUI_APPS_ENABLED': '1', 'HOSTTYPE': 'x86_64', 'CMAKE_PREFIX_PATH': '/home/qkenrrltk2/xycar_ws/src/install/xycar_msgs:/home/qkenrrltk2/xycar_ws/install/xycar_msgs', 'WSLENV': 'WT_SESSION:WT_PROFILE_ID:'}, 'shell': False}
[2.126757] (-) TimerEvent: {}
[2.228295] (-) TimerEvent: {}
[2.281311] (kookmin9_viewer) StdoutLine: {'line': b'running egg_info\n'}
[2.281786] (kookmin9_viewer) StdoutLine: {'line': b'writing ../build/kookmin9_viewer/kookmin9_viewer.egg-info/PKG-INFO\n'}
[2.282085] (kookmin9_viewer) StdoutLine: {'line': b'writing dependency_links to ../build/kookmin9_viewer/kookmin9_viewer.egg-info/dependency_links.txt\n'}
[2.282273] (kookmin9_viewer) StdoutLine: {'line': b'writing entry points to ../build/kookmin9_viewer/kookmin9_viewer.egg-info/entry_points.txt\n'}
[2.282392] (kookmin9_viewer) StdoutLine: {'line': b'writing requirements to ../build/kookmin9_viewer/kookmin9_viewer.egg-info/requires.txt\n'}
[2.282442] (kookmin9_viewer) StdoutLine: {'line': b'writing top-level names to ../build/kookmin9_viewer/kookmin9_viewer.egg-info/top_level.txt\n'}
[2.283758] (kookmin9_viewer) StdoutLine: {'line': b"reading manifest file '../build/kookmin9_viewer/kookmin9_viewer.egg-info/SOURCES.txt'\n"}
[2.284262] (kookmin9_viewer) StdoutLine: {'line': b"adding license file 'LICENSE'\n"}
[2.284678] (kookmin9_viewer) StdoutLine: {'line': b"writing manifest file '../build/kookmin9_viewer/kookmin9_viewer.egg-info/SOURCES.txt'\n"}
[2.284827] (kookmin9_viewer) StdoutLine: {'line': b'running build\n'}
[2.284859] (kookmin9_viewer) StdoutLine: {'line': b'running build_py\n'}
[2.285161] (kookmin9_viewer) StdoutLine: {'line': b'running install\n'}
[2.285400] (kookmin9_viewer) StdoutLine: {'line': b'running install_lib\n'}
[2.286825] (kookmin9_viewer) StdoutLine: {'line': b'running install_data\n'}
[2.287110] (kookmin9_viewer) StdoutLine: {'line': b'running install_egg_info\n'}
[2.288303] (kookmin9_viewer) StdoutLine: {'line': b"removing '/home/qkenrrltk2/xycar_ws/src/install/kookmin9_viewer/lib/python3.10/site-packages/kookmin9_viewer-0.1.0-py3.10.egg-info' (and everything under it)\n"}
[2.288605] (kookmin9_viewer) StdoutLine: {'line': b'Copying ../build/kookmin9_viewer/kookmin9_viewer.egg-info to /home/qkenrrltk2/xycar_ws/src/install/kookmin9_viewer/lib/python3.10/site-packages/kookmin9_viewer-0.1.0-py3.10.egg-info\n'}
[2.289583] (kookmin9_viewer) StdoutLine: {'line': b'running install_scripts\n'}
[2.309457] (kookmin9_viewer) StdoutLine: {'line': b'Installing test_viewer script to /home/qkenrrltk2/xycar_ws/src/install/kookmin9_viewer/lib/kookmin9_viewer\n'}
[2.309817] (kookmin9_viewer) StdoutLine: {'line': b"writing list of installed files to '/home/qkenrrltk2/xycar_ws/src/build/kookmin9_viewer/install.log'\n"}
[2.310500] (my_lidar) StdoutLine: {'line': b'running egg_info\n'}
[2.310968] (my_lidar) StdoutLine: {'line': b'writing ../build/my_lidar/my_lidar.egg-info/PKG-INFO\n'}
[2.311155] (my_lidar) StdoutLine: {'line': b'writing dependency_links to ../build/my_lidar/my_lidar.egg-info/dependency_links.txt\n'}
[2.311264] (my_lidar) StdoutLine: {'line': b'writing entry points to ../build/my_lidar/my_lidar.egg-info/entry_points.txt\n'}
[2.311409] (my_lidar) StdoutLine: {'line': b'writing requirements to ../build/my_lidar/my_lidar.egg-info/requires.txt\n'}
[2.311484] (my_lidar) StdoutLine: {'line': b'writing top-level names to ../build/my_lidar/my_lidar.egg-info/top_level.txt\n'}
[2.313395] (my_lidar) StdoutLine: {'line': b"reading manifest file '../build/my_lidar/my_lidar.egg-info/SOURCES.txt'\n"}
[2.314065] (my_lidar) StdoutLine: {'line': b"adding license file 'LICENSE'\n"}
[2.314428] (my_lidar) StdoutLine: {'line': b"writing manifest file '../build/my_lidar/my_lidar.egg-info/SOURCES.txt'\n"}
[2.314586] (my_lidar) StdoutLine: {'line': b'running build\n'}
[2.314630] (my_lidar) StdoutLine: {'line': b'running build_py\n'}
[2.314887] (my_lidar) StdoutLine: {'line': b'running install\n'}
[2.315101] (my_lidar) StdoutLine: {'line': b'running install_lib\n'}
[2.316706] (my_lidar) StdoutLine: {'line': b'running install_data\n'}
[2.316904] (my_lidar) StdoutLine: {'line': b'running install_egg_info\n'}
[2.318764] (my_lidar) StdoutLine: {'line': b"removing '/home/qkenrrltk2/xycar_ws/src/install/my_lidar/lib/python3.10/site-packages/my_lidar-0.0.0-py3.10.egg-info' (and everything under it)\n"}
[2.319167] (my_lidar) StdoutLine: {'line': b'Copying ../build/my_lidar/my_lidar.egg-info to /home/qkenrrltk2/xycar_ws/src/install/my_lidar/lib/python3.10/site-packages/my_lidar-0.0.0-py3.10.egg-info\n'}
[2.320620] (my_lidar) StdoutLine: {'line': b'running install_scripts\n'}
[2.328512] (-) TimerEvent: {}
[2.341921] (my_lidar) StdoutLine: {'line': b'Installing lidar_scan script to /home/qkenrrltk2/xycar_ws/src/install/my_lidar/lib/my_lidar\n'}
[2.342216] (my_lidar) StdoutLine: {'line': b'Installing lidar_viewer script to /home/qkenrrltk2/xycar_ws/src/install/my_lidar/lib/my_lidar\n'}
[2.342481] (my_lidar) StdoutLine: {'line': b"writing list of installed files to '/home/qkenrrltk2/xycar_ws/src/build/my_lidar/install.log'\n"}
[2.380892] (kookmin9_viewer) CommandEnded: {'returncode': 0}
[2.388236] (kookmin9_viewer) JobEnded: {'identifier': 'kookmin9_viewer', 'rc': 0}
[2.389226] (my_lidar) CommandEnded: {'returncode': 0}
[2.397304] (my_lidar) JobEnded: {'identifier': 'my_lidar', 'rc': 0}
[2.428674] (-) TimerEvent: {}
[2.530302] (-) TimerEvent: {}
[2.631853] (-) TimerEvent: {}
[2.733411] (-) TimerEvent: {}
[2.781561] (my_cam) Command: {'cmd': ['/usr/bin/python3', '-W', 'ignore:setup.py install is deprecated', '-W', 'ignore:easy_install command is deprecated', 'setup.py', 'egg_info', '--egg-base', '../build/my_cam', 'build', '--build-base', '/home/qkenrrltk2/xycar_ws/src/build/my_cam/build', 'install', '--record', '/home/qkenrrltk2/xycar_ws/src/build/my_cam/install.log', '--single-version-externally-managed', 'install_data'], 'cwd': '/home/qkenrrltk2/xycar_ws/src/my_cam', 'env': {'LESSOPEN': '| /usr/bin/lesspipe %s', 'USER': 'qkenrrltk2', 'ROS_NAMESPACE': 'xycar', 'SHLVL': '1', 'LD_LIBRARY_PATH': '/home/qkenrrltk2/xycar_ws/src/install/xycar_msgs/lib:/home/qkenrrltk2/xycar_ws/install/xycar_msgs/lib:/opt/ros/humble/opt/rviz_ogre_vendor/lib:/opt/ros/humble/lib/x86_64-linux-gnu:/opt/ros/humble/lib', 'WT_PROFILE_ID': '{61c54bbd-c2c6-5271-96e7-009a87ff44bf}', 'HOME': '/home/qkenrrltk2', 'OLDPWD': '/home/qkenrrltk2/xycar_ws', 'ROS_PYTHON_VERSION': '3', 'DBUS_SESSION_BUS_ADDRESS': 'unix:path=/run/user/1000/bus', 'WSL_DISTRO_NAME': 'Ubuntu-22.04', '_colcon_cd_root': '/home/qkenrrltk2/xycar_ws', 'WAYLAND_DISPLAY': 'wayland-0', 'COLCON_PREFIX_PATH': '/home/qkenrrltk2/xycar_ws/src/install:/home/qkenrrltk2/xycar_ws/install', 'ROS_DISTRO': 'humble', 'LOGNAME': 'qkenrrltk2', 'NAME': 'localhost', 'WSL_INTEROP': '/run/WSL/449_interop', 'PULSE_SERVER': 'unix:/mnt/wslg/PulseServer', '_': '/usr/bin/colcon', 'ROS_VERSION': '2', 'TERM': 'xterm-256color', 'ROS_LOCALHOST_ONLY': '0', 'PATH': '/home/qkenrrltk2/.local/bin:/opt/ros/humble/bin:/usr/local/sbin:/usr/local/bin:/usr/sbin:/usr/bin:/sbin:/bin:/usr/games:/usr/local/games:/usr/lib/wsl/lib:/mnt/c/WINDOWS/system32:/mnt/c/WINDOWS:/mnt/c/WINDOWS/System32/Wbem:/mnt/c/WINDOWS/System32/WindowsPowerShell/v1.0/:/mnt/c/WINDOWS/System32/OpenSSH/:/mnt/c/Program Files/MATLAB/R2024a/bin:/mnt/c/msys64/ucrt64/bin:/mnt/c/Program Files (x86)/Windows Kits/10/Windows Performance Toolkit/:/mnt/c/Program Files (x86)/NVIDIA Corporation/PhysX/Common:/mnt/c/Program Files/NVIDIA Corporation/NVIDIA app/NvDLISR:/mnt/c/Program Files/dotnet/:/mnt/c/Users/PJH/AppData/Local/Programs/Python/Python313/Scripts/:/mnt/c/Users/PJH/AppData/Local/Programs/Python/Python313/:/mnt/c/Users/PJH/AppData/Local/Microsoft/WindowsApps:/mnt/c/Users/PJH/AppData/Local/afreeca:/mnt/c/Users/PJH/AppData/Local/SOOP:/mnt/c/Users/PJH/AppData/Local/Programs/Microsoft VS Code/bin:/snap/bin:/home/qkenrrltk2/.local/bin', 'WT_SESSION': 'ae539ccc-3b6e-409e-b343-ae95bdb8b06a', 'XDG_RUNTIME_DIR': '/run/user/1000', 'DISPLAY': ':0', 'LANG': 'C.UTF-8', 'LS_COLORS': 'rs=0:di=01;34:ln=01;36:mh=00:pi=40;33:so=01;35:do=01;35:bd=40;33;01:cd=40;33;01:or=40;31;01:mi=00:su=37;41:sg=30;43:ca=30;41:tw=30;42:ow=34;42:st=37;44:ex=01;32:*.tar=01;31:*.tgz=01;31:*.arc=01;31:*.arj=01;31:*.taz=01;31:*.lha=01;31:*.lz4=01;31:*.lzh=01;31:*.lzma=01;31:*.tlz=01;31:*.txz=01;31:*.tzo=01;31:*.t7z=01;31:*.zip=01;31:*.z=01;31:*.dz=01;31:*.gz=01;31:*.lrz=01;31:*.lz=01;31:*.lzo=01;31:*.xz=01;31:*.zst=01;31:*.tzst=01;31:*.bz2=01;31:*.bz=01;31:*.tbz=01;31:*.tbz2=01;31:*.tz=01;31:*.deb=01;31:*.rpm=01;31:*.jar=01;31:*.war=01;31:*.ear=01;31:*.sar=01;31:*.rar=01;31:*.alz=01;31:*.ace=01;31:*.zoo=01;31:*.cpio=01;31:*.7z=01;31:*.rz=01;31:*.cab=01;31:*.wim=01;31:*.swm=01;31:*.dwm=01;31:*.esd=01;31:*.jpg=01;35:*.jpeg=01;35:*.mjpg=01;35:*.mjpeg=01;35:*.gif=01;35:*.bmp=01;35:*.pbm=01;35:*.pgm=01;35:*.ppm=01;35:*.tga=01;35:*.xbm=01;35:*.xpm=01;35:*.tif=01;35:*.tiff=01;35:*.png=01;35:*.svg=01;35:*.svgz=01;35:*.mng=01;35:*.pcx=01;35:*.mov=01;35:*.mpg=01;35:*.mpeg=01;35:*.m2v=01;35:*.mkv=01;35:*.webm=01;35:*.webp=01;35:*.ogm=01;35:*.mp4=01;35:*.m4v=01;35:*.mp4v=01;35:*.vob=01;35:*.qt=01;35:*.nuv=01;35:*.wmv=01;35:*.asf=01;35:*.rm=01;35:*.rmvb=01;35:*.flc=01;35:*.avi=01;35:*.fli=01;35:*.flv=01;35:*.gl=01;35:*.dl=01;35:*.xcf=01;35:*.xwd=01;35:*.yuv=01;35:*.cgm=01;35:*.emf=01;35:*.ogv=01;35:*.ogx=01;35:*.aac=00;36:*.au=00;36:*.flac=00;36:*.m4a=00;36:*.mid=00;36:*.midi=00;36:*.mka=00;36:*.mp3=00;36:*.mpc=00;36:*.ogg=00;36:*.ra=00;36:*.wav=00;36:*.oga=00;36:*.opus=00;36:*.spx=00;36:*.xspf=00;36:', 'ROS_DOMAIN_ID': '7', 'AMENT_PREFIX_PATH': '/home/qkenrrltk2/xycar_ws/src/install/recognition:/home/qkenrrltk2/xycar_ws/src/install/my_lidar:/home/qkenrrltk2/xycar_ws/src/install/my_cam:/home/qkenrrltk2/xycar_ws/src/install/kookmin9_viewer:/home/qkenrrltk2/xycar_ws/src/install/xycar_msgs:/home/qkenrrltk2/xycar_ws/src/install/track_drive:/home/qkenrrltk2/xycar_ws/src/install/ros_tcp_endpoint:/home/qkenrrltk2/xycar_ws/src/install/my_motor:/home/qkenrrltk2/xycar_ws/src/install/my_imu:/home/qkenrrltk2/xycar_ws/install/my_lidar:/home/qkenrrltk2/xycar_ws/install/my_cam:/home/qkenrrltk2/xycar_ws/install/kookmin9_viewer:/home/qkenrrltk2/xycar_ws/install/xycar_msgs:/home/qkenrrltk2/xycar_ws/install/track_drive:/home/qkenrrltk2/xycar_ws/install/ros_tcp_endpoint:/home/qkenrrltk2/xycar_ws/install/my_motor:/home/qkenrrltk2/xycar_ws/install/my_imu:/opt/ros/humble', 'SHELL': '/bin/bash', 'LESSCLOSE': '/usr/bin/lesspipe %s %s', 'PWD': '/home/qkenrrltk2/xycar_ws/src/build/my_cam', 'XDG_DATA_DIRS': '/usr/local/share:/usr/share:/var/lib/snapd/desktop', 'PYTHONPATH': '/home/qkenrrltk2/xycar_ws/src/build/my_cam/prefix_override:/usr/lib/python3/dist-packages/colcon_core/task/python/colcon_distutils_commands:/home/qkenrrltk2/xycar_ws/src/install/my_cam/lib/python3.10/site-packages:/home/qkenrrltk2/xycar_ws/src/install/recognition/lib/python3.10/site-packages:/home/qkenrrltk2/xycar_ws/src/install/my_lidar/lib/python3.10/site-packages:/home/qkenrrltk2/xycar_ws/src/install/my_cam/lib/python3.10/site-packages:/home/qkenrrltk2/xycar_ws/src/install/kookmin9_viewer/lib/python3.10/site-packages:/home/qkenrrltk2/xycar_ws/src/install/xycar_msgs/local/lib/python3.10/dist-packages:/home/qkenrrltk2/xycar_ws/src/install/track_drive/lib/python3.10/site-packages:/home/qkenrrltk2/xycar_ws/src/install/ros_tcp_endpoint/lib/python3.10/site-packages:/home/qkenrrltk2/xycar_ws/src/install/my_motor/lib/python3.10/site-packages:/home/qkenrrltk2/xycar_ws/src/install/my_imu/lib/python3.10/site-packages:/home/qkenrrltk2/xycar_ws/install/my_lidar/lib/python3.10/site-packages:/home/qkenrrltk2/xycar_ws/install/my_cam/lib/python3.10/site-packages:/home/qkenrrltk2/xycar_ws/install/kookmin9_viewer/lib/python3.10/site-packages:/home/qkenrrltk2/xycar_ws/install/xycar_msgs/local/lib/python3.10/dist-packages:/home/qkenrrltk2/xycar_ws/install/track_drive/lib/python3.10/site-packages:/home/qkenrrltk2/xycar_ws/install/ros_tcp_endpoint/lib/python3.10/site-packages:/home/qkenrrltk2/xycar_ws/install/my_motor/lib/python3.10/site-packages:/home/qkenrrltk2/xycar_ws/install/my_imu/lib/python3.10/site-packages:/opt/ros/humble/lib/python3.10/site-packages:/opt/ros/humble/local/lib/python3.10/dist-packages', 'COLCON': '1', 'WSL2_GUI_APPS_ENABLED': '1', 'HOSTTYPE': 'x86_64', 'CMAKE_PREFIX_PATH': '/home/qkenrrltk2/xycar_ws/src/install/xycar_msgs:/home/qkenrrltk2/xycar_ws/install/xycar_msgs', 'WSLENV': 'WT_SESSION:WT_PROFILE_ID:'}, 'shell': False}
[2.834162] (-) TimerEvent: {}
[2.935727] (-) TimerEvent: {}
[2.969691] (my_cam) StdoutLine: {'line': b'running egg_info\n'}
[2.970211] (my_cam) StdoutLine: {'line': b'writing ../build/my_cam/my_cam.egg-info/PKG-INFO\n'}
[2.970496] (my_cam) StdoutLine: {'line': b'writing dependency_links to ../build/my_cam/my_cam.egg-info/dependency_links.txt\n'}
[2.970565] (my_cam) StdoutLine: {'line': b'writing entry points to ../build/my_cam/my_cam.egg-info/entry_points.txt\n'}
[2.970714] (my_cam) StdoutLine: {'line': b'writing requirements to ../build/my_cam/my_cam.egg-info/requires.txt\n'}
[2.970774] (my_cam) StdoutLine: {'line': b'writing top-level names to ../build/my_cam/my_cam.egg-info/top_level.txt\n'}
[2.972911] (my_cam) StdoutLine: {'line': b"reading manifest file '../build/my_cam/my_cam.egg-info/SOURCES.txt'\n"}
[2.973417] (my_cam) StdoutLine: {'line': b"adding license file 'LICENSE'\n"}
[2.974238] (my_cam) StdoutLine: {'line': b"writing manifest file '../build/my_cam/my_cam.egg-info/SOURCES.txt'\n"}
[2.974411] (my_cam) StdoutLine: {'line': b'running build\n'}
[2.974444] (my_cam) StdoutLine: {'line': b'running build_py\n'}
[2.974587] (my_cam) StdoutLine: {'line': b'running install\n'}
[2.975056] (my_cam) StdoutLine: {'line': b'running install_lib\n'}
[2.976968] (my_cam) StdoutLine: {'line': b'running install_data\n'}
[2.977091] (my_cam) StdoutLine: {'line': b'running install_egg_info\n'}
[2.979180] (my_cam) StdoutLine: {'line': b"removing '/home/qkenrrltk2/xycar_ws/src/install/my_cam/lib/python3.10/site-packages/my_cam-0.0.0-py3.10.egg-info' (and everything under it)\n"}
[2.979400] (my_cam) StdoutLine: {'line': b'Copying ../build/my_cam/my_cam.egg-info to /home/qkenrrltk2/xycar_ws/src/install/my_cam/lib/python3.10/site-packages/my_cam-0.0.0-py3.10.egg-info\n'}
[2.980815] (my_cam) StdoutLine: {'line': b'running install_scripts\n'}
[2.996946] (my_cam) StdoutLine: {'line': b'Installing cam_viewer script to /home/qkenrrltk2/xycar_ws/src/install/my_cam/lib/my_cam\n'}
[2.997370] (my_cam) StdoutLine: {'line': b"writing list of installed files to '/home/qkenrrltk2/xycar_ws/src/build/my_cam/install.log'\n"}
[3.016593] (my_cam) CommandEnded: {'returncode': 0}
[3.023397] (my_cam) JobEnded: {'identifier': 'my_cam', 'rc': 0}
[3.024293] (-) EventReactorShutdown: {}
