[0.000000] (-) TimerEvent: {}
[0.000515] (my_imu) JobQueued: {'identifier': 'my_imu', 'dependencies': OrderedDict()}
[0.000822] (my_motor) JobQueued: {'identifier': 'my_motor', 'dependencies': OrderedDict()}
[0.001098] (recognition) JobQueued: {'identifier': 'recognition', 'dependencies': OrderedDict()}
[0.001372] (ros_tcp_endpoint) JobQueued: {'identifier': 'ros_tcp_endpoint', 'dependencies': OrderedDict()}
[0.001683] (track_drive) JobQueued: {'identifier': 'track_drive', 'dependencies': OrderedDict()}
[0.001735] (xycar_msgs) JobQueued: {'identifier': 'xycar_msgs', 'dependencies': OrderedDict()}
[0.001759] (kookmin9_viewer) JobQueued: {'identifier': 'kookmin9_viewer', 'dependencies': OrderedDict([('xycar_msgs', '/home/qkenrrltk2/xycar_ws/src/install/xycar_msgs')])}
[0.001844] (my_cam) JobQueued: {'identifier': 'my_cam', 'dependencies': OrderedDict([('recognition', '/home/qkenrrltk2/xycar_ws/src/install/recognition'), ('xycar_msgs', '/home/qkenrrltk2/xycar_ws/src/install/xycar_msgs')])}
[0.002111] (my_lidar) JobQueued: {'identifier': 'my_lidar', 'dependencies': OrderedDict([('xycar_msgs', '/home/qkenrrltk2/xycar_ws/src/install/xycar_msgs')])}
[0.002259] (xycar_msgs) JobStarted: {'identifier': 'xycar_msgs'}
[0.010823] (recognition) JobStarted: {'identifier': 'recognition'}
[0.015872] (my_imu) JobStarted: {'identifier': 'my_imu'}
[0.021121] (my_motor) JobStarted: {'identifier': 'my_motor'}
[0.027734] (ros_tcp_endpoint) JobStarted: {'identifier': 'ros_tcp_endpoint'}
[0.032430] (track_drive) JobStarted: {'identifier': 'track_drive'}
[0.037955] (xycar_msgs) JobProgress: {'identifier': 'xycar_msgs', 'progress': 'cmake'}
[0.039007] (xycar_msgs) JobProgress: {'identifier': 'xycar_msgs', 'progress': 'build'}
[0.039607] (xycar_msgs) Command: {'cmd': ['/usr/bin/cmake', '--build', '/home/qkenrrltk2/xycar_ws/src/build/xycar_msgs', '--', '-j24', '-l24'], 'cwd': '/home/qkenrrltk2/xycar_ws/src/build/xycar_msgs', 'env': OrderedDict([('LESSOPEN', '| /usr/bin/lesspipe %s'), ('USER', 'qkenrrltk2'), ('ROS_NAMESPACE', 'xycar'), ('SHLVL', '1'), ('LD_LIBRARY_PATH', '/home/qkenrrltk2/xycar_ws/src/install/xycar_msgs/lib:/home/qkenrrltk2/xycar_ws/install/xycar_msgs/lib:/opt/ros/humble/opt/rviz_ogre_vendor/lib:/opt/ros/humble/lib/x86_64-linux-gnu:/opt/ros/humble/lib'), ('WT_PROFILE_ID', '{61c54bbd-c2c6-5271-96e7-009a87ff44bf}'), ('HOME', '/home/qkenrrltk2'), ('OLDPWD', '/home/qkenrrltk2/xycar_ws'), ('ROS_PYTHON_VERSION', '3'), ('DBUS_SESSION_BUS_ADDRESS', 'unix:path=/run/user/1000/bus'), ('WSL_DISTRO_NAME', 'Ubuntu-22.04'), ('_colcon_cd_root', '/home/qkenrrltk2/xycar_ws'), ('WAYLAND_DISPLAY', 'wayland-0'), ('COLCON_PREFIX_PATH', '/home/qkenrrltk2/xycar_ws/src/install:/home/qkenrrltk2/xycar_ws/install'), ('ROS_DISTRO', 'humble'), ('LOGNAME', 'qkenrrltk2'), ('NAME', 'localhost'), ('WSL_INTEROP', '/run/WSL/449_interop'), ('PULSE_SERVER', 'unix:/mnt/wslg/PulseServer'), ('_', '/usr/bin/colcon'), ('ROS_VERSION', '2'), ('TERM', 'xterm-256color'), ('ROS_LOCALHOST_ONLY', '0'), ('PATH', '/home/qkenrrltk2/.local/bin:/opt/ros/humble/bin:/usr/local/sbin:/usr/local/bin:/usr/sbin:/usr/bin:/sbin:/bin:/usr/games:/usr/local/games:/usr/lib/wsl/lib:/mnt/c/WINDOWS/system32:/mnt/c/WINDOWS:/mnt/c/WINDOWS/System32/Wbem:/mnt/c/WINDOWS/System32/WindowsPowerShell/v1.0/:/mnt/c/WINDOWS/System32/OpenSSH/:/mnt/c/Program Files/MATLAB/R2024a/bin:/mnt/c/msys64/ucrt64/bin:/mnt/c/Program Files (x86)/Windows Kits/10/Windows Performance Toolkit/:/mnt/c/Program Files (x86)/NVIDIA Corporation/PhysX/Common:/mnt/c/Program Files/NVIDIA Corporation/NVIDIA app/NvDLISR:/mnt/c/Program Files/dotnet/:/mnt/c/Users/PJH/AppData/Local/Programs/Python/Python313/Scripts/:/mnt/c/Users/PJH/AppData/Local/Programs/Python/Python313/:/mnt/c/Users/PJH/AppData/Local/Microsoft/WindowsApps:/mnt/c/Users/PJH/AppData/Local/afreeca:/mnt/c/Users/PJH/AppData/Local/SOOP:/mnt/c/Users/PJH/AppData/Local/Programs/Microsoft VS Code/bin:/snap/bin:/home/qkenrrltk2/.local/bin'), ('WT_SESSION', 'ae539ccc-3b6e-409e-b343-ae95bdb8b06a'), ('XDG_RUNTIME_DIR', '/run/user/1000'), ('DISPLAY', ':0'), ('LANG', 'C.UTF-8'), ('LS_COLORS', 'rs=0:di=01;34:ln=01;36:mh=00:pi=40;33:so=01;35:do=01;35:bd=40;33;01:cd=40;33;01:or=40;31;01:mi=00:su=37;41:sg=30;43:ca=30;41:tw=30;42:ow=34;42:st=37;44:ex=01;32:*.tar=01;31:*.tgz=01;31:*.arc=01;31:*.arj=01;31:*.taz=01;31:*.lha=01;31:*.lz4=01;31:*.lzh=01;31:*.lzma=01;31:*.tlz=01;31:*.txz=01;31:*.tzo=01;31:*.t7z=01;31:*.zip=01;31:*.z=01;31:*.dz=01;31:*.gz=01;31:*.lrz=01;31:*.lz=01;31:*.lzo=01;31:*.xz=01;31:*.zst=01;31:*.tzst=01;31:*.bz2=01;31:*.bz=01;31:*.tbz=01;31:*.tbz2=01;31:*.tz=01;31:*.deb=01;31:*.rpm=01;31:*.jar=01;31:*.war=01;31:*.ear=01;31:*.sar=01;31:*.rar=01;31:*.alz=01;31:*.ace=01;31:*.zoo=01;31:*.cpio=01;31:*.7z=01;31:*.rz=01;31:*.cab=01;31:*.wim=01;31:*.swm=01;31:*.dwm=01;31:*.esd=01;31:*.jpg=01;35:*.jpeg=01;35:*.mjpg=01;35:*.mjpeg=01;35:*.gif=01;35:*.bmp=01;35:*.pbm=01;35:*.pgm=01;35:*.ppm=01;35:*.tga=01;35:*.xbm=01;35:*.xpm=01;35:*.tif=01;35:*.tiff=01;35:*.png=01;35:*.svg=01;35:*.svgz=01;35:*.mng=01;35:*.pcx=01;35:*.mov=01;35:*.mpg=01;35:*.mpeg=01;35:*.m2v=01;35:*.mkv=01;35:*.webm=01;35:*.webp=01;35:*.ogm=01;35:*.mp4=01;35:*.m4v=01;35:*.mp4v=01;35:*.vob=01;35:*.qt=01;35:*.nuv=01;35:*.wmv=01;35:*.asf=01;35:*.rm=01;35:*.rmvb=01;35:*.flc=01;35:*.avi=01;35:*.fli=01;35:*.flv=01;35:*.gl=01;35:*.dl=01;35:*.xcf=01;35:*.xwd=01;35:*.yuv=01;35:*.cgm=01;35:*.emf=01;35:*.ogv=01;35:*.ogx=01;35:*.aac=00;36:*.au=00;36:*.flac=00;36:*.m4a=00;36:*.mid=00;36:*.midi=00;36:*.mka=00;36:*.mp3=00;36:*.mpc=00;36:*.ogg=00;36:*.ra=00;36:*.wav=00;36:*.oga=00;36:*.opus=00;36:*.spx=00;36:*.xspf=00;36:'), ('ROS_DOMAIN_ID', '7'), ('AMENT_PREFIX_PATH', '/home/qkenrrltk2/xycar_ws/src/install/my_lidar:/home/qkenrrltk2/xycar_ws/src/install/my_cam:/home/qkenrrltk2/xycar_ws/src/install/kookmin9_viewer:/home/qkenrrltk2/xycar_ws/src/install/xycar_msgs:/home/qkenrrltk2/xycar_ws/src/install/track_drive:/home/qkenrrltk2/xycar_ws/src/install/ros_tcp_endpoint:/home/qkenrrltk2/xycar_ws/src/install/recognition:/home/qkenrrltk2/xycar_ws/src/install/my_motor:/home/qkenrrltk2/xycar_ws/src/install/my_imu:/home/qkenrrltk2/xycar_ws/install/my_lidar:/home/qkenrrltk2/xycar_ws/install/my_cam:/home/qkenrrltk2/xycar_ws/install/kookmin9_viewer:/home/qkenrrltk2/xycar_ws/install/xycar_msgs:/home/qkenrrltk2/xycar_ws/install/track_drive:/home/qkenrrltk2/xycar_ws/install/ros_tcp_endpoint:/home/qkenrrltk2/xycar_ws/install/my_motor:/home/qkenrrltk2/xycar_ws/install/my_imu:/opt/ros/humble'), ('SHELL', '/bin/bash'), ('LESSCLOSE', '/usr/bin/lesspipe %s %s'), ('PWD', '/home/qkenrrltk2/xycar_ws/src/build/xycar_msgs'), ('XDG_DATA_DIRS', '/usr/local/share:/usr/share:/var/lib/snapd/desktop'), ('PYTHONPATH', '/home/qkenrrltk2/xycar_ws/src/install/my_lidar/lib/python3.10/site-packages:/home/qkenrrltk2/xycar_ws/src/install/my_cam/lib/python3.10/site-packages:/home/qkenrrltk2/xycar_ws/src/install/kookmin9_viewer/lib/python3.10/site-packages:/home/qkenrrltk2/xycar_ws/src/install/xycar_msgs/local/lib/python3.10/dist-packages:/home/qkenrrltk2/xycar_ws/src/install/track_drive/lib/python3.10/site-packages:/home/qkenrrltk2/xycar_ws/src/install/ros_tcp_endpoint/lib/python3.10/site-packages:/home/qkenrrltk2/xycar_ws/src/install/recognition/lib/python3.10/site-packages:/home/qkenrrltk2/xycar_ws/src/install/my_motor/lib/python3.10/site-packages:/home/qkenrrltk2/xycar_ws/src/install/my_imu/lib/python3.10/site-packages:/home/qkenrrltk2/xycar_ws/install/my_lidar/lib/python3.10/site-packages:/home/qkenrrltk2/xycar_ws/install/my_cam/lib/python3.10/site-packages:/home/qkenrrltk2/xycar_ws/install/kookmin9_viewer/lib/python3.10/site-packages:/home/qkenrrltk2/xycar_ws/install/xycar_msgs/local/lib/python3.10/dist-packages:/home/qkenrrltk2/xycar_ws/install/track_drive/lib/python3.10/site-packages:/home/qkenrrltk2/xycar_ws/install/ros_tcp_endpoint/lib/python3.10/site-packages:/home/qkenrrltk2/xycar_ws/install/my_motor/lib/python3.10/site-packages:/home/qkenrrltk2/xycar_ws/install/my_imu/lib/python3.10/site-packages:/opt/ros/humble/lib/python3.10/site-packages:/opt/ros/humble/local/lib/python3.10/dist-packages'), ('COLCON', '1'), ('WSL2_GUI_APPS_ENABLED', '1'), ('HOSTTYPE', 'x86_64'), ('CMAKE_PREFIX_PATH', '/home/qkenrrltk2/xycar_ws/src/install/xycar_msgs:/home/qkenrrltk2/xycar_ws/install/xycar_msgs:/home/qkenrrltk2/xycar_ws/src/install/my_lidar:/home/qkenrrltk2/xycar_ws/src/install/my_cam:/home/qkenrrltk2/xycar_ws/src/install/kookmin9_viewer:/home/qkenrrltk2/xycar_ws/src/install/track_drive:/home/qkenrrltk2/xycar_ws/src/install/ros_tcp_endpoint:/home/qkenrrltk2/xycar_ws/src/install/recognition:/home/qkenrrltk2/xycar_ws/src/install/my_motor:/home/qkenrrltk2/xycar_ws/src/install/my_imu:/home/qkenrrltk2/xycar_ws/install/my_lidar:/home/qkenrrltk2/xycar_ws/install/my_cam:/home/qkenrrltk2/xycar_ws/install/kookmin9_viewer:/home/qkenrrltk2/xycar_ws/install/track_drive:/home/qkenrrltk2/xycar_ws/install/ros_tcp_endpoint:/home/qkenrrltk2/xycar_ws/install/my_motor:/home/qkenrrltk2/xycar_ws/install/my_imu:/opt/ros/humble'), ('WSLENV', 'WT_SESSION:WT_PROFILE_ID:')]), 'shell': False}
[0.100490] (-) TimerEvent: {}
[0.200910] (-) TimerEvent: {}
[0.301398] (-) TimerEvent: {}
[0.402871] (-) TimerEvent: {}
[0.503296] (-) TimerEvent: {}
[0.604096] (-) TimerEvent: {}
[0.704435] (-) TimerEvent: {}
[0.805037] (-) TimerEvent: {}
[0.871531] (xycar_msgs) StdoutLine: {'line': b'[  5%] Built target xycar_msgs__rs\n'}
[0.872083] (xycar_msgs) StdoutLine: {'line': b'[ 12%] Built target xycar_msgs__rosidl_generator_c\n'}
[0.872616] (xycar_msgs) StdoutLine: {'line': b'[ 15%] Built target xycar_msgs__cpp\n'}
[0.872672] (xycar_msgs) StdoutLine: {'line': b'[ 15%] Built target ament_cmake_python_copy_xycar_msgs\n'}
[0.872717] (xycar_msgs) StdoutLine: {'line': b'[ 40%] Built target xycar_msgs__rosidl_typesupport_fastrtps_cpp\n'}
[0.872761] (xycar_msgs) StdoutLine: {'line': b'[ 40%] Built target xycar_msgs__rosidl_typesupport_fastrtps_c\n'}
[0.872787] (xycar_msgs) StdoutLine: {'line': b'[ 45%] Built target xycar_msgs__rosidl_typesupport_cpp\n'}
[0.872811] (xycar_msgs) StdoutLine: {'line': b'[ 60%] Built target xycar_msgs__rosidl_typesupport_introspection_c\n'}
[0.872834] (xycar_msgs) StdoutLine: {'line': b'[ 65%] Built target xycar_msgs__rosidl_typesupport_c\n'}
[0.872858] (xycar_msgs) StdoutLine: {'line': b'[ 75%] Built target xycar_msgs__rosidl_typesupport_introspection_cpp\n'}
[0.872882] (xycar_msgs) StdoutLine: {'line': b'[ 75%] Built target xycar_msgs\n'}
[0.872905] (xycar_msgs) StdoutLine: {'line': b'[ 77%] Built target xycar_msgs__py\n'}
[0.872929] (xycar_msgs) StdoutLine: {'line': b'[ 85%] Built target xycar_msgs__rosidl_generator_py\n'}
[0.872953] (xycar_msgs) StdoutLine: {'line': b'[ 90%] Built target xycar_msgs__rosidl_typesupport_introspection_c__pyext\n'}
[0.872996] (xycar_msgs) StdoutLine: {'line': b'[ 95%] Built target xycar_msgs__rosidl_typesupport_c__pyext\n'}
[0.873027] (xycar_msgs) StdoutLine: {'line': b'[100%] Built target xycar_msgs__rosidl_typesupport_fastrtps_c__pyext\n'}
[0.873052] (xycar_msgs) StdoutLine: {'line': b'running egg_info\n'}
[0.873078] (xycar_msgs) StdoutLine: {'line': b'writing xycar_msgs.egg-info/PKG-INFO\n'}
[0.873102] (xycar_msgs) StdoutLine: {'line': b'writing dependency_links to xycar_msgs.egg-info/dependency_links.txt\n'}
[0.873125] (xycar_msgs) StdoutLine: {'line': b'writing top-level names to xycar_msgs.egg-info/top_level.txt\n'}
[0.873148] (xycar_msgs) StdoutLine: {'line': b"reading manifest file 'xycar_msgs.egg-info/SOURCES.txt'\n"}
[0.873170] (xycar_msgs) StdoutLine: {'line': b"writing manifest file 'xycar_msgs.egg-info/SOURCES.txt'\n"}
[0.873225] (xycar_msgs) StdoutLine: {'line': b'[100%] Built target ament_cmake_python_build_xycar_msgs_egg\n'}
[0.905304] (-) TimerEvent: {}
[1.006127] (-) TimerEvent: {}
[1.073408] (xycar_msgs) CommandEnded: {'returncode': 0}
[1.074687] (xycar_msgs) JobProgress: {'identifier': 'xycar_msgs', 'progress': 'install'}
[1.080974] (xycar_msgs) Command: {'cmd': ['/usr/bin/cmake', '--install', '/home/qkenrrltk2/xycar_ws/src/build/xycar_msgs'], 'cwd': '/home/qkenrrltk2/xycar_ws/src/build/xycar_msgs', 'env': OrderedDict([('LESSOPEN', '| /usr/bin/lesspipe %s'), ('USER', 'qkenrrltk2'), ('ROS_NAMESPACE', 'xycar'), ('SHLVL', '1'), ('LD_LIBRARY_PATH', '/home/qkenrrltk2/xycar_ws/src/install/xycar_msgs/lib:/home/qkenrrltk2/xycar_ws/install/xycar_msgs/lib:/opt/ros/humble/opt/rviz_ogre_vendor/lib:/opt/ros/humble/lib/x86_64-linux-gnu:/opt/ros/humble/lib'), ('WT_PROFILE_ID', '{61c54bbd-c2c6-5271-96e7-009a87ff44bf}'), ('HOME', '/home/qkenrrltk2'), ('OLDPWD', '/home/qkenrrltk2/xycar_ws'), ('ROS_PYTHON_VERSION', '3'), ('DBUS_SESSION_BUS_ADDRESS', 'unix:path=/run/user/1000/bus'), ('WSL_DISTRO_NAME', 'Ubuntu-22.04'), ('_colcon_cd_root', '/home/qkenrrltk2/xycar_ws'), ('WAYLAND_DISPLAY', 'wayland-0'), ('COLCON_PREFIX_PATH', '/home/qkenrrltk2/xycar_ws/src/install:/home/qkenrrltk2/xycar_ws/install'), ('ROS_DISTRO', 'humble'), ('LOGNAME', 'qkenrrltk2'), ('NAME', 'localhost'), ('WSL_INTEROP', '/run/WSL/449_interop'), ('PULSE_SERVER', 'unix:/mnt/wslg/PulseServer'), ('_', '/usr/bin/colcon'), ('ROS_VERSION', '2'), ('TERM', 'xterm-256color'), ('ROS_LOCALHOST_ONLY', '0'), ('PATH', '/home/qkenrrltk2/.local/bin:/opt/ros/humble/bin:/usr/local/sbin:/usr/local/bin:/usr/sbin:/usr/bin:/sbin:/bin:/usr/games:/usr/local/games:/usr/lib/wsl/lib:/mnt/c/WINDOWS/system32:/mnt/c/WINDOWS:/mnt/c/WINDOWS/System32/Wbem:/mnt/c/WINDOWS/System32/WindowsPowerShell/v1.0/:/mnt/c/WINDOWS/System32/OpenSSH/:/mnt/c/Program Files/MATLAB/R2024a/bin:/mnt/c/msys64/ucrt64/bin:/mnt/c/Program Files (x86)/Windows Kits/10/Windows Performance Toolkit/:/mnt/c/Program Files (x86)/NVIDIA Corporation/PhysX/Common:/mnt/c/Program Files/NVIDIA Corporation/NVIDIA app/NvDLISR:/mnt/c/Program Files/dotnet/:/mnt/c/Users/PJH/AppData/Local/Programs/Python/Python313/Scripts/:/mnt/c/Users/PJH/AppData/Local/Programs/Python/Python313/:/mnt/c/Users/PJH/AppData/Local/Microsoft/WindowsApps:/mnt/c/Users/PJH/AppData/Local/afreeca:/mnt/c/Users/PJH/AppData/Local/SOOP:/mnt/c/Users/PJH/AppData/Local/Programs/Microsoft VS Code/bin:/snap/bin:/home/qkenrrltk2/.local/bin'), ('WT_SESSION', 'ae539ccc-3b6e-409e-b343-ae95bdb8b06a'), ('XDG_RUNTIME_DIR', '/run/user/1000'), ('DISPLAY', ':0'), ('LANG', 'C.UTF-8'), ('LS_COLORS', 'rs=0:di=01;34:ln=01;36:mh=00:pi=40;33:so=01;35:do=01;35:bd=40;33;01:cd=40;33;01:or=40;31;01:mi=00:su=37;41:sg=30;43:ca=30;41:tw=30;42:ow=34;42:st=37;44:ex=01;32:*.tar=01;31:*.tgz=01;31:*.arc=01;31:*.arj=01;31:*.taz=01;31:*.lha=01;31:*.lz4=01;31:*.lzh=01;31:*.lzma=01;31:*.tlz=01;31:*.txz=01;31:*.tzo=01;31:*.t7z=01;31:*.zip=01;31:*.z=01;31:*.dz=01;31:*.gz=01;31:*.lrz=01;31:*.lz=01;31:*.lzo=01;31:*.xz=01;31:*.zst=01;31:*.tzst=01;31:*.bz2=01;31:*.bz=01;31:*.tbz=01;31:*.tbz2=01;31:*.tz=01;31:*.deb=01;31:*.rpm=01;31:*.jar=01;31:*.war=01;31:*.ear=01;31:*.sar=01;31:*.rar=01;31:*.alz=01;31:*.ace=01;31:*.zoo=01;31:*.cpio=01;31:*.7z=01;31:*.rz=01;31:*.cab=01;31:*.wim=01;31:*.swm=01;31:*.dwm=01;31:*.esd=01;31:*.jpg=01;35:*.jpeg=01;35:*.mjpg=01;35:*.mjpeg=01;35:*.gif=01;35:*.bmp=01;35:*.pbm=01;35:*.pgm=01;35:*.ppm=01;35:*.tga=01;35:*.xbm=01;35:*.xpm=01;35:*.tif=01;35:*.tiff=01;35:*.png=01;35:*.svg=01;35:*.svgz=01;35:*.mng=01;35:*.pcx=01;35:*.mov=01;35:*.mpg=01;35:*.mpeg=01;35:*.m2v=01;35:*.mkv=01;35:*.webm=01;35:*.webp=01;35:*.ogm=01;35:*.mp4=01;35:*.m4v=01;35:*.mp4v=01;35:*.vob=01;35:*.qt=01;35:*.nuv=01;35:*.wmv=01;35:*.asf=01;35:*.rm=01;35:*.rmvb=01;35:*.flc=01;35:*.avi=01;35:*.fli=01;35:*.flv=01;35:*.gl=01;35:*.dl=01;35:*.xcf=01;35:*.xwd=01;35:*.yuv=01;35:*.cgm=01;35:*.emf=01;35:*.ogv=01;35:*.ogx=01;35:*.aac=00;36:*.au=00;36:*.flac=00;36:*.m4a=00;36:*.mid=00;36:*.midi=00;36:*.mka=00;36:*.mp3=00;36:*.mpc=00;36:*.ogg=00;36:*.ra=00;36:*.wav=00;36:*.oga=00;36:*.opus=00;36:*.spx=00;36:*.xspf=00;36:'), ('ROS_DOMAIN_ID', '7'), ('AMENT_PREFIX_PATH', '/home/qkenrrltk2/xycar_ws/src/install/my_lidar:/home/qkenrrltk2/xycar_ws/src/install/my_cam:/home/qkenrrltk2/xycar_ws/src/install/kookmin9_viewer:/home/qkenrrltk2/xycar_ws/src/install/xycar_msgs:/home/qkenrrltk2/xycar_ws/src/install/track_drive:/home/qkenrrltk2/xycar_ws/src/install/ros_tcp_endpoint:/home/qkenrrltk2/xycar_ws/src/install/recognition:/home/qkenrrltk2/xycar_ws/src/install/my_motor:/home/qkenrrltk2/xycar_ws/src/install/my_imu:/home/qkenrrltk2/xycar_ws/install/my_lidar:/home/qkenrrltk2/xycar_ws/install/my_cam:/home/qkenrrltk2/xycar_ws/install/kookmin9_viewer:/home/qkenrrltk2/xycar_ws/install/xycar_msgs:/home/qkenrrltk2/xycar_ws/install/track_drive:/home/qkenrrltk2/xycar_ws/install/ros_tcp_endpoint:/home/qkenrrltk2/xycar_ws/install/my_motor:/home/qkenrrltk2/xycar_ws/install/my_imu:/opt/ros/humble'), ('SHELL', '/bin/bash'), ('LESSCLOSE', '/usr/bin/lesspipe %s %s'), ('PWD', '/home/qkenrrltk2/xycar_ws/src/build/xycar_msgs'), ('XDG_DATA_DIRS', '/usr/local/share:/usr/share:/var/lib/snapd/desktop'), ('PYTHONPATH', '/home/qkenrrltk2/xycar_ws/src/install/my_lidar/lib/python3.10/site-packages:/home/qkenrrltk2/xycar_ws/src/install/my_cam/lib/python3.10/site-packages:/home/qkenrrltk2/xycar_ws/src/install/kookmin9_viewer/lib/python3.10/site-packages:/home/qkenrrltk2/xycar_ws/src/install/xycar_msgs/local/lib/python3.10/dist-packages:/home/qkenrrltk2/xycar_ws/src/install/track_drive/lib/python3.10/site-packages:/home/qkenrrltk2/xycar_ws/src/install/ros_tcp_endpoint/lib/python3.10/site-packages:/home/qkenrrltk2/xycar_ws/src/install/recognition/lib/python3.10/site-packages:/home/qkenrrltk2/xycar_ws/src/install/my_motor/lib/python3.10/site-packages:/home/qkenrrltk2/xycar_ws/src/install/my_imu/lib/python3.10/site-packages:/home/qkenrrltk2/xycar_ws/install/my_lidar/lib/python3.10/site-packages:/home/qkenrrltk2/xycar_ws/install/my_cam/lib/python3.10/site-packages:/home/qkenrrltk2/xycar_ws/install/kookmin9_viewer/lib/python3.10/site-packages:/home/qkenrrltk2/xycar_ws/install/xycar_msgs/local/lib/python3.10/dist-packages:/home/qkenrrltk2/xycar_ws/install/track_drive/lib/python3.10/site-packages:/home/qkenrrltk2/xycar_ws/install/ros_tcp_endpoint/lib/python3.10/site-packages:/home/qkenrrltk2/xycar_ws/install/my_motor/lib/python3.10/site-packages:/home/qkenrrltk2/xycar_ws/install/my_imu/lib/python3.10/site-packages:/opt/ros/humble/lib/python3.10/site-packages:/opt/ros/humble/local/lib/python3.10/dist-packages'), ('COLCON', '1'), ('WSL2_GUI_APPS_ENABLED', '1'), ('HOSTTYPE', 'x86_64'), ('CMAKE_PREFIX_PATH', '/home/qkenrrltk2/xycar_ws/src/install/xycar_msgs:/home/qkenrrltk2/xycar_ws/install/xycar_msgs:/home/qkenrrltk2/xycar_ws/src/install/my_lidar:/home/qkenrrltk2/xycar_ws/src/install/my_cam:/home/qkenrrltk2/xycar_ws/src/install/kookmin9_viewer:/home/qkenrrltk2/xycar_ws/src/install/track_drive:/home/qkenrrltk2/xycar_ws/src/install/ros_tcp_endpoint:/home/qkenrrltk2/xycar_ws/src/install/recognition:/home/qkenrrltk2/xycar_ws/src/install/my_motor:/home/qkenrrltk2/xycar_ws/src/install/my_imu:/home/qkenrrltk2/xycar_ws/install/my_lidar:/home/qkenrrltk2/xycar_ws/install/my_cam:/home/qkenrrltk2/xycar_ws/install/kookmin9_viewer:/home/qkenrrltk2/xycar_ws/install/track_drive:/home/qkenrrltk2/xycar_ws/install/ros_tcp_endpoint:/home/qkenrrltk2/xycar_ws/install/my_motor:/home/qkenrrltk2/xycar_ws/install/my_imu:/opt/ros/humble'), ('WSLENV', 'WT_SESSION:WT_PROFILE_ID:')]), 'shell': False}
[1.087794] (xycar_msgs) StdoutLine: {'line': b'-- Install configuration: ""\n'}
[1.088195] (xycar_msgs) StdoutLine: {'line': b'-- Up-to-date: /home/qkenrrltk2/xycar_ws/src/install/xycar_msgs/share/ament_index/resource_index/rosidl_interfaces/xycar_msgs\n'}
[1.088443] (xycar_msgs) StdoutLine: {'line': b'-- Up-to-date: /home/qkenrrltk2/xycar_ws/src/install/xycar_msgs/include/xycar_msgs/xycar_msgs\n'}
[1.089257] (xycar_msgs) StdoutLine: {'line': b'-- Up-to-date: /home/qkenrrltk2/xycar_ws/src/install/xycar_msgs/include/xycar_msgs/xycar_msgs/msg\n'}
[1.089489] (xycar_msgs) StdoutLine: {'line': b'-- Up-to-date: /home/qkenrrltk2/xycar_ws/src/install/xycar_msgs/include/xycar_msgs/xycar_msgs/msg/xycar_motor.h\n'}
[1.089618] (xycar_msgs) StdoutLine: {'line': b'-- Up-to-date: /home/qkenrrltk2/xycar_ws/src/install/xycar_msgs/include/xycar_msgs/xycar_msgs/msg/rosidl_generator_c__visibility_control.h\n'}
[1.089996] (xycar_msgs) StdoutLine: {'line': b'-- Up-to-date: /home/qkenrrltk2/xycar_ws/src/install/xycar_msgs/include/xycar_msgs/xycar_msgs/msg/detail\n'}
[1.090976] (xycar_msgs) StdoutLine: {'line': b'-- Up-to-date: /home/qkenrrltk2/xycar_ws/src/install/xycar_msgs/include/xycar_msgs/xycar_msgs/msg/detail/xycar_ultrasonic__functions.c\n'}
[1.091099] (xycar_msgs) StdoutLine: {'line': b'-- Up-to-date: /home/qkenrrltk2/xycar_ws/src/install/xycar_msgs/include/xycar_msgs/xycar_msgs/msg/detail/xycar_motor__type_support.h\n'}
[1.091282] (xycar_msgs) StdoutLine: {'line': b'-- Up-to-date: /home/qkenrrltk2/xycar_ws/src/install/xycar_msgs/include/xycar_msgs/xycar_msgs/msg/detail/xycar_motor__functions.c\n'}
[1.091371] (xycar_msgs) StdoutLine: {'line': b'-- Up-to-date: /home/qkenrrltk2/xycar_ws/src/install/xycar_msgs/include/xycar_msgs/xycar_msgs/msg/detail/xycar_ultrasonic__type_support.h\n'}
[1.091450] (xycar_msgs) StdoutLine: {'line': b'-- Up-to-date: /home/qkenrrltk2/xycar_ws/src/install/xycar_msgs/include/xycar_msgs/xycar_msgs/msg/detail/xycar_ultrasonic__struct.h\n'}
[1.091805] (xycar_msgs) StdoutLine: {'line': b'-- Up-to-date: /home/qkenrrltk2/xycar_ws/src/install/xycar_msgs/include/xycar_msgs/xycar_msgs/msg/detail/xycar_motor__struct.h\n'}
[1.091897] (xycar_msgs) StdoutLine: {'line': b'-- Up-to-date: /home/qkenrrltk2/xycar_ws/src/install/xycar_msgs/include/xycar_msgs/xycar_msgs/msg/detail/xycar_motor__functions.h\n'}
[1.091960] (xycar_msgs) StdoutLine: {'line': b'-- Up-to-date: /home/qkenrrltk2/xycar_ws/src/install/xycar_msgs/include/xycar_msgs/xycar_msgs/msg/detail/xycar_ultrasonic__functions.h\n'}
[1.093045] (xycar_msgs) StdoutLine: {'line': b'-- Up-to-date: /home/qkenrrltk2/xycar_ws/src/install/xycar_msgs/include/xycar_msgs/xycar_msgs/msg/xycar_ultrasonic.h\n'}
[1.093165] (xycar_msgs) StdoutLine: {'line': b'-- Up-to-date: /home/qkenrrltk2/xycar_ws/src/install/xycar_msgs/share/xycar_msgs/environment/library_path.sh\n'}
[1.093212] (xycar_msgs) StdoutLine: {'line': b'-- Up-to-date: /home/qkenrrltk2/xycar_ws/src/install/xycar_msgs/share/xycar_msgs/environment/library_path.dsv\n'}
[1.093255] (xycar_msgs) StdoutLine: {'line': b'-- Up-to-date: /home/qkenrrltk2/xycar_ws/src/install/xycar_msgs/lib/libxycar_msgs__rosidl_generator_c.so\n'}
[1.093281] (xycar_msgs) StdoutLine: {'line': b'-- Up-to-date: /home/qkenrrltk2/xycar_ws/src/install/xycar_msgs/include/xycar_msgs/xycar_msgs\n'}
[1.093434] (xycar_msgs) StdoutLine: {'line': b'-- Up-to-date: /home/qkenrrltk2/xycar_ws/src/install/xycar_msgs/include/xycar_msgs/xycar_msgs/msg\n'}
[1.093544] (xycar_msgs) StdoutLine: {'line': b'-- Up-to-date: /home/qkenrrltk2/xycar_ws/src/install/xycar_msgs/include/xycar_msgs/xycar_msgs/msg/detail\n'}
[1.093607] (xycar_msgs) StdoutLine: {'line': b'-- Up-to-date: /home/qkenrrltk2/xycar_ws/src/install/xycar_msgs/include/xycar_msgs/xycar_msgs/msg/detail/xycar_motor__rosidl_typesupport_fastrtps_c.h\n'}
[1.093634] (xycar_msgs) StdoutLine: {'line': b'-- Up-to-date: /home/qkenrrltk2/xycar_ws/src/install/xycar_msgs/include/xycar_msgs/xycar_msgs/msg/detail/xycar_ultrasonic__rosidl_typesupport_fastrtps_c.h\n'}
[1.093658] (xycar_msgs) StdoutLine: {'line': b'-- Up-to-date: /home/qkenrrltk2/xycar_ws/src/install/xycar_msgs/include/xycar_msgs/xycar_msgs/msg/rosidl_typesupport_fastrtps_c__visibility_control.h\n'}
[1.093689] (xycar_msgs) StdoutLine: {'line': b'-- Up-to-date: /home/qkenrrltk2/xycar_ws/src/install/xycar_msgs/lib/libxycar_msgs__rosidl_typesupport_fastrtps_c.so\n'}
[1.093746] (xycar_msgs) StdoutLine: {'line': b'-- Up-to-date: /home/qkenrrltk2/xycar_ws/src/install/xycar_msgs/include/xycar_msgs/xycar_msgs\n'}
[1.093823] (xycar_msgs) StdoutLine: {'line': b'-- Up-to-date: /home/qkenrrltk2/xycar_ws/src/install/xycar_msgs/include/xycar_msgs/xycar_msgs/msg\n'}
[1.093881] (xycar_msgs) StdoutLine: {'line': b'-- Up-to-date: /home/qkenrrltk2/xycar_ws/src/install/xycar_msgs/include/xycar_msgs/xycar_msgs/msg/rosidl_typesupport_introspection_c__visibility_control.h\n'}
[1.094064] (xycar_msgs) StdoutLine: {'line': b'-- Up-to-date: /home/qkenrrltk2/xycar_ws/src/install/xycar_msgs/include/xycar_msgs/xycar_msgs/msg/detail\n'}
[1.094112] (xycar_msgs) StdoutLine: {'line': b'-- Up-to-date: /home/qkenrrltk2/xycar_ws/src/install/xycar_msgs/include/xycar_msgs/xycar_msgs/msg/detail/xycar_ultrasonic__rosidl_typesupport_introspection_c.h\n'}
[1.094139] (xycar_msgs) StdoutLine: {'line': b'-- Up-to-date: /home/qkenrrltk2/xycar_ws/src/install/xycar_msgs/include/xycar_msgs/xycar_msgs/msg/detail/xycar_motor__rosidl_typesupport_introspection_c.h\n'}
[1.094169] (xycar_msgs) StdoutLine: {'line': b'-- Up-to-date: /home/qkenrrltk2/xycar_ws/src/install/xycar_msgs/include/xycar_msgs/xycar_msgs/msg/detail/xycar_motor__type_support.c\n'}
[1.094192] (xycar_msgs) StdoutLine: {'line': b'-- Up-to-date: /home/qkenrrltk2/xycar_ws/src/install/xycar_msgs/include/xycar_msgs/xycar_msgs/msg/detail/xycar_ultrasonic__type_support.c\n'}
[1.094215] (xycar_msgs) StdoutLine: {'line': b'-- Up-to-date: /home/qkenrrltk2/xycar_ws/src/install/xycar_msgs/lib/libxycar_msgs__rosidl_typesupport_introspection_c.so\n'}
[1.094244] (xycar_msgs) StdoutLine: {'line': b'-- Up-to-date: /home/qkenrrltk2/xycar_ws/src/install/xycar_msgs/lib/libxycar_msgs__rosidl_typesupport_c.so\n'}
[1.094266] (xycar_msgs) StdoutLine: {'line': b'-- Up-to-date: /home/qkenrrltk2/xycar_ws/src/install/xycar_msgs/include/xycar_msgs/xycar_msgs\n'}
[1.094288] (xycar_msgs) StdoutLine: {'line': b'-- Up-to-date: /home/qkenrrltk2/xycar_ws/src/install/xycar_msgs/include/xycar_msgs/xycar_msgs/msg\n'}
[1.094310] (xycar_msgs) StdoutLine: {'line': b'-- Up-to-date: /home/qkenrrltk2/xycar_ws/src/install/xycar_msgs/include/xycar_msgs/xycar_msgs/msg/rosidl_generator_cpp__visibility_control.hpp\n'}
[1.094334] (xycar_msgs) StdoutLine: {'line': b'-- Up-to-date: /home/qkenrrltk2/xycar_ws/src/install/xycar_msgs/include/xycar_msgs/xycar_msgs/msg/detail\n'}
[1.094355] (xycar_msgs) StdoutLine: {'line': b'-- Up-to-date: /home/qkenrrltk2/xycar_ws/src/install/xycar_msgs/include/xycar_msgs/xycar_msgs/msg/detail/xycar_ultrasonic__type_support.hpp\n'}
[1.094386] (xycar_msgs) StdoutLine: {'line': b'-- Up-to-date: /home/qkenrrltk2/xycar_ws/src/install/xycar_msgs/include/xycar_msgs/xycar_msgs/msg/detail/xycar_ultrasonic__traits.hpp\n'}
[1.094416] (xycar_msgs) StdoutLine: {'line': b'-- Up-to-date: /home/qkenrrltk2/xycar_ws/src/install/xycar_msgs/include/xycar_msgs/xycar_msgs/msg/detail/xycar_ultrasonic__builder.hpp\n'}
[1.094439] (xycar_msgs) StdoutLine: {'line': b'-- Up-to-date: /home/qkenrrltk2/xycar_ws/src/install/xycar_msgs/include/xycar_msgs/xycar_msgs/msg/detail/xycar_motor__builder.hpp\n'}
[1.094470] (xycar_msgs) StdoutLine: {'line': b'-- Up-to-date: /home/qkenrrltk2/xycar_ws/src/install/xycar_msgs/include/xycar_msgs/xycar_msgs/msg/detail/xycar_ultrasonic__struct.hpp\n'}
[1.094497] (xycar_msgs) StdoutLine: {'line': b'-- Up-to-date: /home/qkenrrltk2/xycar_ws/src/install/xycar_msgs/include/xycar_msgs/xycar_msgs/msg/detail/xycar_motor__type_support.hpp\n'}
[1.094522] (xycar_msgs) StdoutLine: {'line': b'-- Up-to-date: /home/qkenrrltk2/xycar_ws/src/install/xycar_msgs/include/xycar_msgs/xycar_msgs/msg/detail/xycar_motor__struct.hpp\n'}
[1.094704] (xycar_msgs) StdoutLine: {'line': b'-- Up-to-date: /home/qkenrrltk2/xycar_ws/src/install/xycar_msgs/include/xycar_msgs/xycar_msgs/msg/detail/xycar_motor__traits.hpp\n'}
[1.094755] (xycar_msgs) StdoutLine: {'line': b'-- Up-to-date: /home/qkenrrltk2/xycar_ws/src/install/xycar_msgs/include/xycar_msgs/xycar_msgs/msg/xycar_motor.hpp\n'}
[1.094789] (xycar_msgs) StdoutLine: {'line': b'-- Up-to-date: /home/qkenrrltk2/xycar_ws/src/install/xycar_msgs/include/xycar_msgs/xycar_msgs/msg/xycar_ultrasonic.hpp\n'}
[1.094813] (xycar_msgs) StdoutLine: {'line': b'-- Up-to-date: /home/qkenrrltk2/xycar_ws/src/install/xycar_msgs/include/xycar_msgs/xycar_msgs\n'}
[1.094856] (xycar_msgs) StdoutLine: {'line': b'-- Up-to-date: /home/qkenrrltk2/xycar_ws/src/install/xycar_msgs/include/xycar_msgs/xycar_msgs/msg\n'}
[1.094925] (xycar_msgs) StdoutLine: {'line': b'-- Up-to-date: /home/qkenrrltk2/xycar_ws/src/install/xycar_msgs/include/xycar_msgs/xycar_msgs/msg/rosidl_typesupport_fastrtps_cpp__visibility_control.h\n'}
[1.095004] (xycar_msgs) StdoutLine: {'line': b'-- Up-to-date: /home/qkenrrltk2/xycar_ws/src/install/xycar_msgs/include/xycar_msgs/xycar_msgs/msg/detail\n'}
[1.095072] (xycar_msgs) StdoutLine: {'line': b'-- Up-to-date: /home/qkenrrltk2/xycar_ws/src/install/xycar_msgs/include/xycar_msgs/xycar_msgs/msg/detail/dds_fastrtps\n'}
[1.095135] (xycar_msgs) StdoutLine: {'line': b'-- Up-to-date: /home/qkenrrltk2/xycar_ws/src/install/xycar_msgs/include/xycar_msgs/xycar_msgs/msg/detail/xycar_motor__rosidl_typesupport_fastrtps_cpp.hpp\n'}
[1.095193] (xycar_msgs) StdoutLine: {'line': b'-- Up-to-date: /home/qkenrrltk2/xycar_ws/src/install/xycar_msgs/include/xycar_msgs/xycar_msgs/msg/detail/xycar_ultrasonic__rosidl_typesupport_fastrtps_cpp.hpp\n'}
[1.095270] (xycar_msgs) StdoutLine: {'line': b'-- Up-to-date: /home/qkenrrltk2/xycar_ws/src/install/xycar_msgs/lib/libxycar_msgs__rosidl_typesupport_fastrtps_cpp.so\n'}
[1.095351] (xycar_msgs) StdoutLine: {'line': b'-- Up-to-date: /home/qkenrrltk2/xycar_ws/src/install/xycar_msgs/include/xycar_msgs/xycar_msgs\n'}
[1.095542] (xycar_msgs) StdoutLine: {'line': b'-- Up-to-date: /home/qkenrrltk2/xycar_ws/src/install/xycar_msgs/include/xycar_msgs/xycar_msgs/msg\n'}
[1.095660] (xycar_msgs) StdoutLine: {'line': b'-- Up-to-date: /home/qkenrrltk2/xycar_ws/src/install/xycar_msgs/include/xycar_msgs/xycar_msgs/msg/detail\n'}
[1.095711] (xycar_msgs) StdoutLine: {'line': b'-- Up-to-date: /home/qkenrrltk2/xycar_ws/src/install/xycar_msgs/include/xycar_msgs/xycar_msgs/msg/detail/xycar_motor__type_support.cpp\n'}
[1.095755] (xycar_msgs) StdoutLine: {'line': b'-- Up-to-date: /home/qkenrrltk2/xycar_ws/src/install/xycar_msgs/include/xycar_msgs/xycar_msgs/msg/detail/xycar_motor__rosidl_typesupport_introspection_cpp.hpp\n'}
[1.095785] (xycar_msgs) StdoutLine: {'line': b'-- Up-to-date: /home/qkenrrltk2/xycar_ws/src/install/xycar_msgs/include/xycar_msgs/xycar_msgs/msg/detail/xycar_ultrasonic__type_support.cpp\n'}
[1.095813] (xycar_msgs) StdoutLine: {'line': b'-- Up-to-date: /home/qkenrrltk2/xycar_ws/src/install/xycar_msgs/include/xycar_msgs/xycar_msgs/msg/detail/xycar_ultrasonic__rosidl_typesupport_introspection_cpp.hpp\n'}
[1.095999] (xycar_msgs) StdoutLine: {'line': b'-- Up-to-date: /home/qkenrrltk2/xycar_ws/src/install/xycar_msgs/lib/libxycar_msgs__rosidl_typesupport_introspection_cpp.so\n'}
[1.096593] (xycar_msgs) StdoutLine: {'line': b'-- Up-to-date: /home/qkenrrltk2/xycar_ws/src/install/xycar_msgs/lib/libxycar_msgs__rosidl_typesupport_cpp.so\n'}
[1.096773] (xycar_msgs) StdoutLine: {'line': b'-- Up-to-date: /home/qkenrrltk2/xycar_ws/src/install/xycar_msgs/share/xycar_msgs/environment/pythonpath.sh\n'}
[1.096973] (xycar_msgs) StdoutLine: {'line': b'-- Up-to-date: /home/qkenrrltk2/xycar_ws/src/install/xycar_msgs/share/xycar_msgs/environment/pythonpath.dsv\n'}
[1.097032] (xycar_msgs) StdoutLine: {'line': b'-- Up-to-date: /home/qkenrrltk2/xycar_ws/src/install/xycar_msgs/local/lib/python3.10/dist-packages/xycar_msgs-0.0.0-py3.10.egg-info\n'}
[1.097142] (xycar_msgs) StdoutLine: {'line': b'-- Installing: /home/qkenrrltk2/xycar_ws/src/install/xycar_msgs/local/lib/python3.10/dist-packages/xycar_msgs-0.0.0-py3.10.egg-info/top_level.txt\n'}
[1.097265] (xycar_msgs) StdoutLine: {'line': b'-- Installing: /home/qkenrrltk2/xycar_ws/src/install/xycar_msgs/local/lib/python3.10/dist-packages/xycar_msgs-0.0.0-py3.10.egg-info/dependency_links.txt\n'}
[1.097415] (xycar_msgs) StdoutLine: {'line': b'-- Installing: /home/qkenrrltk2/xycar_ws/src/install/xycar_msgs/local/lib/python3.10/dist-packages/xycar_msgs-0.0.0-py3.10.egg-info/SOURCES.txt\n'}
[1.097614] (xycar_msgs) StdoutLine: {'line': b'-- Installing: /home/qkenrrltk2/xycar_ws/src/install/xycar_msgs/local/lib/python3.10/dist-packages/xycar_msgs-0.0.0-py3.10.egg-info/PKG-INFO\n'}
[1.097881] (xycar_msgs) StdoutLine: {'line': b'-- Up-to-date: /home/qkenrrltk2/xycar_ws/src/install/xycar_msgs/local/lib/python3.10/dist-packages/xycar_msgs\n'}
[1.098024] (xycar_msgs) StdoutLine: {'line': b'-- Up-to-date: /home/qkenrrltk2/xycar_ws/src/install/xycar_msgs/local/lib/python3.10/dist-packages/xycar_msgs/xycar_msgs_s__rosidl_typesupport_c.cpython-310-x86_64-linux-gnu.so\n'}
[1.098094] (xycar_msgs) StdoutLine: {'line': b'-- Up-to-date: /home/qkenrrltk2/xycar_ws/src/install/xycar_msgs/local/lib/python3.10/dist-packages/xycar_msgs/xycar_msgs_s__rosidl_typesupport_fastrtps_c.cpython-310-x86_64-linux-gnu.so\n'}
[1.098206] (xycar_msgs) StdoutLine: {'line': b'-- Up-to-date: /home/qkenrrltk2/xycar_ws/src/install/xycar_msgs/local/lib/python3.10/dist-packages/xycar_msgs/_xycar_msgs_s.ep.rosidl_typesupport_c.c\n'}
[1.098335] (xycar_msgs) StdoutLine: {'line': b'-- Up-to-date: /home/qkenrrltk2/xycar_ws/src/install/xycar_msgs/local/lib/python3.10/dist-packages/xycar_msgs/_xycar_msgs_s.ep.rosidl_typesupport_fastrtps_c.c\n'}
[1.098512] (xycar_msgs) StdoutLine: {'line': b'-- Up-to-date: /home/qkenrrltk2/xycar_ws/src/install/xycar_msgs/local/lib/python3.10/dist-packages/xycar_msgs/libxycar_msgs__rosidl_generator_py.so\n'}
[1.098610] (xycar_msgs) StdoutLine: {'line': b'-- Up-to-date: /home/qkenrrltk2/xycar_ws/src/install/xycar_msgs/local/lib/python3.10/dist-packages/xycar_msgs/__init__.py\n'}
[1.098674] (xycar_msgs) StdoutLine: {'line': b'-- Up-to-date: /home/qkenrrltk2/xycar_ws/src/install/xycar_msgs/local/lib/python3.10/dist-packages/xycar_msgs/xycar_msgs_s__rosidl_typesupport_introspection_c.cpython-310-x86_64-linux-gnu.so\n'}
[1.098804] (xycar_msgs) StdoutLine: {'line': b'-- Up-to-date: /home/qkenrrltk2/xycar_ws/src/install/xycar_msgs/local/lib/python3.10/dist-packages/xycar_msgs/msg\n'}
[1.098867] (xycar_msgs) StdoutLine: {'line': b'-- Up-to-date: /home/qkenrrltk2/xycar_ws/src/install/xycar_msgs/local/lib/python3.10/dist-packages/xycar_msgs/msg/_xycar_motor.py\n'}
[1.098935] (xycar_msgs) StdoutLine: {'line': b'-- Up-to-date: /home/qkenrrltk2/xycar_ws/src/install/xycar_msgs/local/lib/python3.10/dist-packages/xycar_msgs/msg/__init__.py\n'}
[1.098980] (xycar_msgs) StdoutLine: {'line': b'-- Up-to-date: /home/qkenrrltk2/xycar_ws/src/install/xycar_msgs/local/lib/python3.10/dist-packages/xycar_msgs/msg/_xycar_ultrasonic_s.c\n'}
[1.099006] (xycar_msgs) StdoutLine: {'line': b'-- Up-to-date: /home/qkenrrltk2/xycar_ws/src/install/xycar_msgs/local/lib/python3.10/dist-packages/xycar_msgs/msg/_xycar_motor_s.c\n'}
[1.099032] (xycar_msgs) StdoutLine: {'line': b'-- Up-to-date: /home/qkenrrltk2/xycar_ws/src/install/xycar_msgs/local/lib/python3.10/dist-packages/xycar_msgs/msg/_xycar_ultrasonic.py\n'}
[1.099070] (xycar_msgs) StdoutLine: {'line': b'-- Up-to-date: /home/qkenrrltk2/xycar_ws/src/install/xycar_msgs/local/lib/python3.10/dist-packages/xycar_msgs/_xycar_msgs_s.ep.rosidl_typesupport_introspection_c.c\n'}
[1.106275] (-) TimerEvent: {}
[1.128606] (xycar_msgs) StdoutLine: {'line': b"Listing '/home/qkenrrltk2/xycar_ws/src/install/xycar_msgs/local/lib/python3.10/dist-packages/xycar_msgs'...\n"}
[1.128802] (xycar_msgs) StdoutLine: {'line': b"Listing '/home/qkenrrltk2/xycar_ws/src/install/xycar_msgs/local/lib/python3.10/dist-packages/xycar_msgs/msg'...\n"}
[1.132477] (xycar_msgs) StdoutLine: {'line': b'-- Up-to-date: /home/qkenrrltk2/xycar_ws/src/install/xycar_msgs/local/lib/python3.10/dist-packages/xycar_msgs/xycar_msgs_s__rosidl_typesupport_fastrtps_c.cpython-310-x86_64-linux-gnu.so\n'}
[1.133004] (xycar_msgs) StdoutLine: {'line': b'-- Up-to-date: /home/qkenrrltk2/xycar_ws/src/install/xycar_msgs/local/lib/python3.10/dist-packages/xycar_msgs/xycar_msgs_s__rosidl_typesupport_introspection_c.cpython-310-x86_64-linux-gnu.so\n'}
[1.133424] (xycar_msgs) StdoutLine: {'line': b'-- Up-to-date: /home/qkenrrltk2/xycar_ws/src/install/xycar_msgs/local/lib/python3.10/dist-packages/xycar_msgs/xycar_msgs_s__rosidl_typesupport_c.cpython-310-x86_64-linux-gnu.so\n'}
[1.133860] (xycar_msgs) StdoutLine: {'line': b'-- Up-to-date: /home/qkenrrltk2/xycar_ws/src/install/xycar_msgs/lib/libxycar_msgs__rosidl_generator_py.so\n'}
[1.134096] (xycar_msgs) StdoutLine: {'line': b'-- Up-to-date: /home/qkenrrltk2/xycar_ws/src/install/xycar_msgs/share/ament_index/resource_index/rust_packages/xycar_msgs\n'}
[1.134181] (xycar_msgs) StdoutLine: {'line': b'-- Up-to-date: /home/qkenrrltk2/xycar_ws/src/install/xycar_msgs/share/xycar_msgs/rust\n'}
[1.134280] (xycar_msgs) StdoutLine: {'line': b'-- Up-to-date: /home/qkenrrltk2/xycar_ws/src/install/xycar_msgs/share/xycar_msgs/rust/build.rs\n'}
[1.134359] (xycar_msgs) StdoutLine: {'line': b'-- Up-to-date: /home/qkenrrltk2/xycar_ws/src/install/xycar_msgs/share/xycar_msgs/rust/Cargo.toml\n'}
[1.134510] (xycar_msgs) StdoutLine: {'line': b'-- Up-to-date: /home/qkenrrltk2/xycar_ws/src/install/xycar_msgs/share/xycar_msgs/rust/src\n'}
[1.134696] (xycar_msgs) StdoutLine: {'line': b'-- Up-to-date: /home/qkenrrltk2/xycar_ws/src/install/xycar_msgs/share/xycar_msgs/rust/src/msg.rs\n'}
[1.134880] (xycar_msgs) StdoutLine: {'line': b'-- Up-to-date: /home/qkenrrltk2/xycar_ws/src/install/xycar_msgs/share/xycar_msgs/rust/src/lib.rs\n'}
[1.135060] (xycar_msgs) StdoutLine: {'line': b'-- Up-to-date: /home/qkenrrltk2/xycar_ws/src/install/xycar_msgs/share/xycar_msgs/rust/src/msg\n'}
[1.135164] (xycar_msgs) StdoutLine: {'line': b'-- Up-to-date: /home/qkenrrltk2/xycar_ws/src/install/xycar_msgs/share/xycar_msgs/rust/src/msg/rmw.rs\n'}
[1.135214] (xycar_msgs) StdoutLine: {'line': b'-- Up-to-date: /home/qkenrrltk2/xycar_ws/src/install/xycar_msgs/share/xycar_msgs/msg/XycarMotor.idl\n'}
[1.135290] (xycar_msgs) StdoutLine: {'line': b'-- Up-to-date: /home/qkenrrltk2/xycar_ws/src/install/xycar_msgs/share/xycar_msgs/msg/XycarUltrasonic.idl\n'}
[1.135390] (xycar_msgs) StdoutLine: {'line': b'-- Up-to-date: /home/qkenrrltk2/xycar_ws/src/install/xycar_msgs/share/xycar_msgs/msg/XycarMotor.msg\n'}
[1.135513] (xycar_msgs) StdoutLine: {'line': b'-- Up-to-date: /home/qkenrrltk2/xycar_ws/src/install/xycar_msgs/share/xycar_msgs/msg/XycarUltrasonic.msg\n'}
[1.135601] (xycar_msgs) StdoutLine: {'line': b'-- Up-to-date: /home/qkenrrltk2/xycar_ws/src/install/xycar_msgs/share/ament_index/resource_index/package_run_dependencies/xycar_msgs\n'}
[1.135792] (xycar_msgs) StdoutLine: {'line': b'-- Up-to-date: /home/qkenrrltk2/xycar_ws/src/install/xycar_msgs/share/ament_index/resource_index/parent_prefix_path/xycar_msgs\n'}
[1.135909] (xycar_msgs) StdoutLine: {'line': b'-- Up-to-date: /home/qkenrrltk2/xycar_ws/src/install/xycar_msgs/share/xycar_msgs/environment/ament_prefix_path.sh\n'}
[1.135981] (xycar_msgs) StdoutLine: {'line': b'-- Up-to-date: /home/qkenrrltk2/xycar_ws/src/install/xycar_msgs/share/xycar_msgs/environment/ament_prefix_path.dsv\n'}
[1.136060] (xycar_msgs) StdoutLine: {'line': b'-- Up-to-date: /home/qkenrrltk2/xycar_ws/src/install/xycar_msgs/share/xycar_msgs/environment/path.sh\n'}
[1.136119] (xycar_msgs) StdoutLine: {'line': b'-- Up-to-date: /home/qkenrrltk2/xycar_ws/src/install/xycar_msgs/share/xycar_msgs/environment/path.dsv\n'}
[1.136228] (xycar_msgs) StdoutLine: {'line': b'-- Up-to-date: /home/qkenrrltk2/xycar_ws/src/install/xycar_msgs/share/xycar_msgs/local_setup.bash\n'}
[1.136378] (xycar_msgs) StdoutLine: {'line': b'-- Up-to-date: /home/qkenrrltk2/xycar_ws/src/install/xycar_msgs/share/xycar_msgs/local_setup.sh\n'}
[1.136412] (xycar_msgs) StdoutLine: {'line': b'-- Up-to-date: /home/qkenrrltk2/xycar_ws/src/install/xycar_msgs/share/xycar_msgs/local_setup.zsh\n'}
[1.136437] (xycar_msgs) StdoutLine: {'line': b'-- Up-to-date: /home/qkenrrltk2/xycar_ws/src/install/xycar_msgs/share/xycar_msgs/local_setup.dsv\n'}
[1.136460] (xycar_msgs) StdoutLine: {'line': b'-- Installing: /home/qkenrrltk2/xycar_ws/src/install/xycar_msgs/share/xycar_msgs/package.dsv\n'}
[1.136483] (xycar_msgs) StdoutLine: {'line': b'-- Up-to-date: /home/qkenrrltk2/xycar_ws/src/install/xycar_msgs/share/ament_index/resource_index/packages/xycar_msgs\n'}
[1.136506] (xycar_msgs) StdoutLine: {'line': b'-- Up-to-date: /home/qkenrrltk2/xycar_ws/src/install/xycar_msgs/share/xycar_msgs/cmake/export_xycar_msgs__rosidl_generator_cExport.cmake\n'}
[1.136529] (xycar_msgs) StdoutLine: {'line': b'-- Up-to-date: /home/qkenrrltk2/xycar_ws/src/install/xycar_msgs/share/xycar_msgs/cmake/export_xycar_msgs__rosidl_generator_cExport-noconfig.cmake\n'}
[1.136641] (xycar_msgs) StdoutLine: {'line': b'-- Up-to-date: /home/qkenrrltk2/xycar_ws/src/install/xycar_msgs/share/xycar_msgs/cmake/export_xycar_msgs__rosidl_typesupport_fastrtps_cExport.cmake\n'}
[1.136802] (xycar_msgs) StdoutLine: {'line': b'-- Up-to-date: /home/qkenrrltk2/xycar_ws/src/install/xycar_msgs/share/xycar_msgs/cmake/export_xycar_msgs__rosidl_typesupport_fastrtps_cExport-noconfig.cmake\n'}
[1.137075] (xycar_msgs) StdoutLine: {'line': b'-- Up-to-date: /home/qkenrrltk2/xycar_ws/src/install/xycar_msgs/share/xycar_msgs/cmake/xycar_msgs__rosidl_typesupport_introspection_cExport.cmake\n'}
[1.137209] (xycar_msgs) StdoutLine: {'line': b'-- Up-to-date: /home/qkenrrltk2/xycar_ws/src/install/xycar_msgs/share/xycar_msgs/cmake/xycar_msgs__rosidl_typesupport_introspection_cExport-noconfig.cmake\n'}
[1.137488] (xycar_msgs) StdoutLine: {'line': b'-- Up-to-date: /home/qkenrrltk2/xycar_ws/src/install/xycar_msgs/share/xycar_msgs/cmake/xycar_msgs__rosidl_typesupport_cExport.cmake\n'}
[1.137618] (xycar_msgs) StdoutLine: {'line': b'-- Up-to-date: /home/qkenrrltk2/xycar_ws/src/install/xycar_msgs/share/xycar_msgs/cmake/xycar_msgs__rosidl_typesupport_cExport-noconfig.cmake\n'}
[1.137841] (xycar_msgs) StdoutLine: {'line': b'-- Up-to-date: /home/qkenrrltk2/xycar_ws/src/install/xycar_msgs/share/xycar_msgs/cmake/export_xycar_msgs__rosidl_generator_cppExport.cmake\n'}
[1.138310] (xycar_msgs) StdoutLine: {'line': b'-- Up-to-date: /home/qkenrrltk2/xycar_ws/src/install/xycar_msgs/share/xycar_msgs/cmake/export_xycar_msgs__rosidl_typesupport_fastrtps_cppExport.cmake\n'}
[1.138527] (xycar_msgs) StdoutLine: {'line': b'-- Up-to-date: /home/qkenrrltk2/xycar_ws/src/install/xycar_msgs/share/xycar_msgs/cmake/export_xycar_msgs__rosidl_typesupport_fastrtps_cppExport-noconfig.cmake\n'}
[1.138787] (xycar_msgs) StdoutLine: {'line': b'-- Up-to-date: /home/qkenrrltk2/xycar_ws/src/install/xycar_msgs/share/xycar_msgs/cmake/xycar_msgs__rosidl_typesupport_introspection_cppExport.cmake\n'}
[1.138927] (xycar_msgs) StdoutLine: {'line': b'-- Up-to-date: /home/qkenrrltk2/xycar_ws/src/install/xycar_msgs/share/xycar_msgs/cmake/xycar_msgs__rosidl_typesupport_introspection_cppExport-noconfig.cmake\n'}
[1.139222] (xycar_msgs) StdoutLine: {'line': b'-- Up-to-date: /home/qkenrrltk2/xycar_ws/src/install/xycar_msgs/share/xycar_msgs/cmake/xycar_msgs__rosidl_typesupport_cppExport.cmake\n'}
[1.139278] (xycar_msgs) StdoutLine: {'line': b'-- Up-to-date: /home/qkenrrltk2/xycar_ws/src/install/xycar_msgs/share/xycar_msgs/cmake/xycar_msgs__rosidl_typesupport_cppExport-noconfig.cmake\n'}
[1.139773] (xycar_msgs) StdoutLine: {'line': b'-- Up-to-date: /home/qkenrrltk2/xycar_ws/src/install/xycar_msgs/share/xycar_msgs/cmake/export_xycar_msgs__rosidl_generator_pyExport.cmake\n'}
[1.139884] (xycar_msgs) StdoutLine: {'line': b'-- Up-to-date: /home/qkenrrltk2/xycar_ws/src/install/xycar_msgs/share/xycar_msgs/cmake/export_xycar_msgs__rosidl_generator_pyExport-noconfig.cmake\n'}
[1.140015] (xycar_msgs) StdoutLine: {'line': b'-- Up-to-date: /home/qkenrrltk2/xycar_ws/src/install/xycar_msgs/share/xycar_msgs/cmake/rosidl_cmake-extras.cmake\n'}
[1.140088] (xycar_msgs) StdoutLine: {'line': b'-- Up-to-date: /home/qkenrrltk2/xycar_ws/src/install/xycar_msgs/share/xycar_msgs/cmake/ament_cmake_export_dependencies-extras.cmake\n'}
[1.140225] (xycar_msgs) StdoutLine: {'line': b'-- Up-to-date: /home/qkenrrltk2/xycar_ws/src/install/xycar_msgs/share/xycar_msgs/cmake/ament_cmake_export_include_directories-extras.cmake\n'}
[1.140347] (xycar_msgs) StdoutLine: {'line': b'-- Up-to-date: /home/qkenrrltk2/xycar_ws/src/install/xycar_msgs/share/xycar_msgs/cmake/ament_cmake_export_libraries-extras.cmake\n'}
[1.140396] (xycar_msgs) StdoutLine: {'line': b'-- Up-to-date: /home/qkenrrltk2/xycar_ws/src/install/xycar_msgs/share/xycar_msgs/cmake/ament_cmake_export_targets-extras.cmake\n'}
[1.140424] (xycar_msgs) StdoutLine: {'line': b'-- Up-to-date: /home/qkenrrltk2/xycar_ws/src/install/xycar_msgs/share/xycar_msgs/cmake/rosidl_cmake_export_typesupport_targets-extras.cmake\n'}
[1.140455] (xycar_msgs) StdoutLine: {'line': b'-- Up-to-date: /home/qkenrrltk2/xycar_ws/src/install/xycar_msgs/share/xycar_msgs/cmake/rosidl_cmake_export_typesupport_libraries-extras.cmake\n'}
[1.140495] (xycar_msgs) StdoutLine: {'line': b'-- Up-to-date: /home/qkenrrltk2/xycar_ws/src/install/xycar_msgs/share/xycar_msgs/cmake/xycar_msgsConfig.cmake\n'}
[1.140530] (xycar_msgs) StdoutLine: {'line': b'-- Up-to-date: /home/qkenrrltk2/xycar_ws/src/install/xycar_msgs/share/xycar_msgs/cmake/xycar_msgsConfig-version.cmake\n'}
[1.140561] (xycar_msgs) StdoutLine: {'line': b'-- Up-to-date: /home/qkenrrltk2/xycar_ws/src/install/xycar_msgs/share/xycar_msgs/package.xml\n'}
[1.142347] (xycar_msgs) CommandEnded: {'returncode': 0}
[1.169802] (xycar_msgs) JobEnded: {'identifier': 'xycar_msgs', 'rc': 0}
[1.171183] (kookmin9_viewer) JobStarted: {'identifier': 'kookmin9_viewer'}
[1.177251] (my_lidar) JobStarted: {'identifier': 'my_lidar'}
[1.206400] (-) TimerEvent: {}
[1.306993] (-) TimerEvent: {}
[1.407866] (-) TimerEvent: {}
[1.508285] (-) TimerEvent: {}
[1.608668] (-) TimerEvent: {}
[1.636489] (track_drive) Command: {'cmd': ['/usr/bin/python3', '-W', 'ignore:setup.py install is deprecated', '-W', 'ignore:easy_install command is deprecated', 'setup.py', 'egg_info', '--egg-base', '../build/track_drive', 'build', '--build-base', '/home/qkenrrltk2/xycar_ws/src/build/track_drive/build', 'install', '--record', '/home/qkenrrltk2/xycar_ws/src/build/track_drive/install.log', '--single-version-externally-managed', 'install_data'], 'cwd': '/home/qkenrrltk2/xycar_ws/src/track_drive', 'env': {'LESSOPEN': '| /usr/bin/lesspipe %s', 'USER': 'qkenrrltk2', 'ROS_NAMESPACE': 'xycar', 'SHLVL': '1', 'LD_LIBRARY_PATH': '/home/qkenrrltk2/xycar_ws/src/install/xycar_msgs/lib:/home/qkenrrltk2/xycar_ws/install/xycar_msgs/lib:/opt/ros/humble/opt/rviz_ogre_vendor/lib:/opt/ros/humble/lib/x86_64-linux-gnu:/opt/ros/humble/lib', 'WT_PROFILE_ID': '{61c54bbd-c2c6-5271-96e7-009a87ff44bf}', 'HOME': '/home/qkenrrltk2', 'OLDPWD': '/home/qkenrrltk2/xycar_ws', 'ROS_PYTHON_VERSION': '3', 'DBUS_SESSION_BUS_ADDRESS': 'unix:path=/run/user/1000/bus', 'WSL_DISTRO_NAME': 'Ubuntu-22.04', '_colcon_cd_root': '/home/qkenrrltk2/xycar_ws', 'WAYLAND_DISPLAY': 'wayland-0', 'COLCON_PREFIX_PATH': '/home/qkenrrltk2/xycar_ws/src/install:/home/qkenrrltk2/xycar_ws/install', 'ROS_DISTRO': 'humble', 'LOGNAME': 'qkenrrltk2', 'NAME': 'localhost', 'WSL_INTEROP': '/run/WSL/449_interop', 'PULSE_SERVER': 'unix:/mnt/wslg/PulseServer', '_': '/usr/bin/colcon', 'ROS_VERSION': '2', 'TERM': 'xterm-256color', 'ROS_LOCALHOST_ONLY': '0', 'PATH': '/home/qkenrrltk2/.local/bin:/opt/ros/humble/bin:/usr/local/sbin:/usr/local/bin:/usr/sbin:/usr/bin:/sbin:/bin:/usr/games:/usr/local/games:/usr/lib/wsl/lib:/mnt/c/WINDOWS/system32:/mnt/c/WINDOWS:/mnt/c/WINDOWS/System32/Wbem:/mnt/c/WINDOWS/System32/WindowsPowerShell/v1.0/:/mnt/c/WINDOWS/System32/OpenSSH/:/mnt/c/Program Files/MATLAB/R2024a/bin:/mnt/c/msys64/ucrt64/bin:/mnt/c/Program Files (x86)/Windows Kits/10/Windows Performance Toolkit/:/mnt/c/Program Files (x86)/NVIDIA Corporation/PhysX/Common:/mnt/c/Program Files/NVIDIA Corporation/NVIDIA app/NvDLISR:/mnt/c/Program Files/dotnet/:/mnt/c/Users/PJH/AppData/Local/Programs/Python/Python313/Scripts/:/mnt/c/Users/PJH/AppData/Local/Programs/Python/Python313/:/mnt/c/Users/PJH/AppData/Local/Microsoft/WindowsApps:/mnt/c/Users/PJH/AppData/Local/afreeca:/mnt/c/Users/PJH/AppData/Local/SOOP:/mnt/c/Users/PJH/AppData/Local/Programs/Microsoft VS Code/bin:/snap/bin:/home/qkenrrltk2/.local/bin', 'WT_SESSION': 'ae539ccc-3b6e-409e-b343-ae95bdb8b06a', 'XDG_RUNTIME_DIR': '/run/user/1000', 'DISPLAY': ':0', 'LANG': 'C.UTF-8', 'LS_COLORS': 'rs=0:di=01;34:ln=01;36:mh=00:pi=40;33:so=01;35:do=01;35:bd=40;33;01:cd=40;33;01:or=40;31;01:mi=00:su=37;41:sg=30;43:ca=30;41:tw=30;42:ow=34;42:st=37;44:ex=01;32:*.tar=01;31:*.tgz=01;31:*.arc=01;31:*.arj=01;31:*.taz=01;31:*.lha=01;31:*.lz4=01;31:*.lzh=01;31:*.lzma=01;31:*.tlz=01;31:*.txz=01;31:*.tzo=01;31:*.t7z=01;31:*.zip=01;31:*.z=01;31:*.dz=01;31:*.gz=01;31:*.lrz=01;31:*.lz=01;31:*.lzo=01;31:*.xz=01;31:*.zst=01;31:*.tzst=01;31:*.bz2=01;31:*.bz=01;31:*.tbz=01;31:*.tbz2=01;31:*.tz=01;31:*.deb=01;31:*.rpm=01;31:*.jar=01;31:*.war=01;31:*.ear=01;31:*.sar=01;31:*.rar=01;31:*.alz=01;31:*.ace=01;31:*.zoo=01;31:*.cpio=01;31:*.7z=01;31:*.rz=01;31:*.cab=01;31:*.wim=01;31:*.swm=01;31:*.dwm=01;31:*.esd=01;31:*.jpg=01;35:*.jpeg=01;35:*.mjpg=01;35:*.mjpeg=01;35:*.gif=01;35:*.bmp=01;35:*.pbm=01;35:*.pgm=01;35:*.ppm=01;35:*.tga=01;35:*.xbm=01;35:*.xpm=01;35:*.tif=01;35:*.tiff=01;35:*.png=01;35:*.svg=01;35:*.svgz=01;35:*.mng=01;35:*.pcx=01;35:*.mov=01;35:*.mpg=01;35:*.mpeg=01;35:*.m2v=01;35:*.mkv=01;35:*.webm=01;35:*.webp=01;35:*.ogm=01;35:*.mp4=01;35:*.m4v=01;35:*.mp4v=01;35:*.vob=01;35:*.qt=01;35:*.nuv=01;35:*.wmv=01;35:*.asf=01;35:*.rm=01;35:*.rmvb=01;35:*.flc=01;35:*.avi=01;35:*.fli=01;35:*.flv=01;35:*.gl=01;35:*.dl=01;35:*.xcf=01;35:*.xwd=01;35:*.yuv=01;35:*.cgm=01;35:*.emf=01;35:*.ogv=01;35:*.ogx=01;35:*.aac=00;36:*.au=00;36:*.flac=00;36:*.m4a=00;36:*.mid=00;36:*.midi=00;36:*.mka=00;36:*.mp3=00;36:*.mpc=00;36:*.ogg=00;36:*.ra=00;36:*.wav=00;36:*.oga=00;36:*.opus=00;36:*.spx=00;36:*.xspf=00;36:', 'ROS_DOMAIN_ID': '7', 'AMENT_PREFIX_PATH': '/home/qkenrrltk2/xycar_ws/src/install/my_lidar:/home/qkenrrltk2/xycar_ws/src/install/my_cam:/home/qkenrrltk2/xycar_ws/src/install/kookmin9_viewer:/home/qkenrrltk2/xycar_ws/src/install/xycar_msgs:/home/qkenrrltk2/xycar_ws/src/install/track_drive:/home/qkenrrltk2/xycar_ws/src/install/ros_tcp_endpoint:/home/qkenrrltk2/xycar_ws/src/install/recognition:/home/qkenrrltk2/xycar_ws/src/install/my_motor:/home/qkenrrltk2/xycar_ws/src/install/my_imu:/home/qkenrrltk2/xycar_ws/install/my_lidar:/home/qkenrrltk2/xycar_ws/install/my_cam:/home/qkenrrltk2/xycar_ws/install/kookmin9_viewer:/home/qkenrrltk2/xycar_ws/install/xycar_msgs:/home/qkenrrltk2/xycar_ws/install/track_drive:/home/qkenrrltk2/xycar_ws/install/ros_tcp_endpoint:/home/qkenrrltk2/xycar_ws/install/my_motor:/home/qkenrrltk2/xycar_ws/install/my_imu:/opt/ros/humble', 'SHELL': '/bin/bash', 'LESSCLOSE': '/usr/bin/lesspipe %s %s', 'PWD': '/home/qkenrrltk2/xycar_ws/src/build/track_drive', 'XDG_DATA_DIRS': '/usr/local/share:/usr/share:/var/lib/snapd/desktop', 'PYTHONPATH': '/home/qkenrrltk2/xycar_ws/src/build/track_drive/prefix_override:/usr/lib/python3/dist-packages/colcon_core/task/python/colcon_distutils_commands:/home/qkenrrltk2/xycar_ws/src/install/track_drive/lib/python3.10/site-packages:/home/qkenrrltk2/xycar_ws/src/install/my_lidar/lib/python3.10/site-packages:/home/qkenrrltk2/xycar_ws/src/install/my_cam/lib/python3.10/site-packages:/home/qkenrrltk2/xycar_ws/src/install/kookmin9_viewer/lib/python3.10/site-packages:/home/qkenrrltk2/xycar_ws/src/install/xycar_msgs/local/lib/python3.10/dist-packages:/home/qkenrrltk2/xycar_ws/src/install/track_drive/lib/python3.10/site-packages:/home/qkenrrltk2/xycar_ws/src/install/ros_tcp_endpoint/lib/python3.10/site-packages:/home/qkenrrltk2/xycar_ws/src/install/recognition/lib/python3.10/site-packages:/home/qkenrrltk2/xycar_ws/src/install/my_motor/lib/python3.10/site-packages:/home/qkenrrltk2/xycar_ws/src/install/my_imu/lib/python3.10/site-packages:/home/qkenrrltk2/xycar_ws/install/my_lidar/lib/python3.10/site-packages:/home/qkenrrltk2/xycar_ws/install/my_cam/lib/python3.10/site-packages:/home/qkenrrltk2/xycar_ws/install/kookmin9_viewer/lib/python3.10/site-packages:/home/qkenrrltk2/xycar_ws/install/xycar_msgs/local/lib/python3.10/dist-packages:/home/qkenrrltk2/xycar_ws/install/track_drive/lib/python3.10/site-packages:/home/qkenrrltk2/xycar_ws/install/ros_tcp_endpoint/lib/python3.10/site-packages:/home/qkenrrltk2/xycar_ws/install/my_motor/lib/python3.10/site-packages:/home/qkenrrltk2/xycar_ws/install/my_imu/lib/python3.10/site-packages:/opt/ros/humble/lib/python3.10/site-packages:/opt/ros/humble/local/lib/python3.10/dist-packages', 'COLCON': '1', 'WSL2_GUI_APPS_ENABLED': '1', 'HOSTTYPE': 'x86_64', 'CMAKE_PREFIX_PATH': '/home/qkenrrltk2/xycar_ws/src/install/xycar_msgs:/home/qkenrrltk2/xycar_ws/install/xycar_msgs', 'WSLENV': 'WT_SESSION:WT_PROFILE_ID:'}, 'shell': False}
[1.639739] (my_motor) Command: {'cmd': ['/usr/bin/python3', '-W', 'ignore:setup.py install is deprecated', '-W', 'ignore:easy_install command is deprecated', 'setup.py', 'egg_info', '--egg-base', '../build/my_motor', 'build', '--build-base', '/home/qkenrrltk2/xycar_ws/src/build/my_motor/build', 'install', '--record', '/home/qkenrrltk2/xycar_ws/src/build/my_motor/install.log', '--single-version-externally-managed', 'install_data'], 'cwd': '/home/qkenrrltk2/xycar_ws/src/my_motor', 'env': {'LESSOPEN': '| /usr/bin/lesspipe %s', 'USER': 'qkenrrltk2', 'ROS_NAMESPACE': 'xycar', 'SHLVL': '1', 'LD_LIBRARY_PATH': '/home/qkenrrltk2/xycar_ws/src/install/xycar_msgs/lib:/home/qkenrrltk2/xycar_ws/install/xycar_msgs/lib:/opt/ros/humble/opt/rviz_ogre_vendor/lib:/opt/ros/humble/lib/x86_64-linux-gnu:/opt/ros/humble/lib', 'WT_PROFILE_ID': '{61c54bbd-c2c6-5271-96e7-009a87ff44bf}', 'HOME': '/home/qkenrrltk2', 'OLDPWD': '/home/qkenrrltk2/xycar_ws', 'ROS_PYTHON_VERSION': '3', 'DBUS_SESSION_BUS_ADDRESS': 'unix:path=/run/user/1000/bus', 'WSL_DISTRO_NAME': 'Ubuntu-22.04', '_colcon_cd_root': '/home/qkenrrltk2/xycar_ws', 'WAYLAND_DISPLAY': 'wayland-0', 'COLCON_PREFIX_PATH': '/home/qkenrrltk2/xycar_ws/src/install:/home/qkenrrltk2/xycar_ws/install', 'ROS_DISTRO': 'humble', 'LOGNAME': 'qkenrrltk2', 'NAME': 'localhost', 'WSL_INTEROP': '/run/WSL/449_interop', 'PULSE_SERVER': 'unix:/mnt/wslg/PulseServer', '_': '/usr/bin/colcon', 'ROS_VERSION': '2', 'TERM': 'xterm-256color', 'ROS_LOCALHOST_ONLY': '0', 'PATH': '/home/qkenrrltk2/.local/bin:/opt/ros/humble/bin:/usr/local/sbin:/usr/local/bin:/usr/sbin:/usr/bin:/sbin:/bin:/usr/games:/usr/local/games:/usr/lib/wsl/lib:/mnt/c/WINDOWS/system32:/mnt/c/WINDOWS:/mnt/c/WINDOWS/System32/Wbem:/mnt/c/WINDOWS/System32/WindowsPowerShell/v1.0/:/mnt/c/WINDOWS/System32/OpenSSH/:/mnt/c/Program Files/MATLAB/R2024a/bin:/mnt/c/msys64/ucrt64/bin:/mnt/c/Program Files (x86)/Windows Kits/10/Windows Performance Toolkit/:/mnt/c/Program Files (x86)/NVIDIA Corporation/PhysX/Common:/mnt/c/Program Files/NVIDIA Corporation/NVIDIA app/NvDLISR:/mnt/c/Program Files/dotnet/:/mnt/c/Users/PJH/AppData/Local/Programs/Python/Python313/Scripts/:/mnt/c/Users/PJH/AppData/Local/Programs/Python/Python313/:/mnt/c/Users/PJH/AppData/Local/Microsoft/WindowsApps:/mnt/c/Users/PJH/AppData/Local/afreeca:/mnt/c/Users/PJH/AppData/Local/SOOP:/mnt/c/Users/PJH/AppData/Local/Programs/Microsoft VS Code/bin:/snap/bin:/home/qkenrrltk2/.local/bin', 'WT_SESSION': 'ae539ccc-3b6e-409e-b343-ae95bdb8b06a', 'XDG_RUNTIME_DIR': '/run/user/1000', 'DISPLAY': ':0', 'LANG': 'C.UTF-8', 'LS_COLORS': 'rs=0:di=01;34:ln=01;36:mh=00:pi=40;33:so=01;35:do=01;35:bd=40;33;01:cd=40;33;01:or=40;31;01:mi=00:su=37;41:sg=30;43:ca=30;41:tw=30;42:ow=34;42:st=37;44:ex=01;32:*.tar=01;31:*.tgz=01;31:*.arc=01;31:*.arj=01;31:*.taz=01;31:*.lha=01;31:*.lz4=01;31:*.lzh=01;31:*.lzma=01;31:*.tlz=01;31:*.txz=01;31:*.tzo=01;31:*.t7z=01;31:*.zip=01;31:*.z=01;31:*.dz=01;31:*.gz=01;31:*.lrz=01;31:*.lz=01;31:*.lzo=01;31:*.xz=01;31:*.zst=01;31:*.tzst=01;31:*.bz2=01;31:*.bz=01;31:*.tbz=01;31:*.tbz2=01;31:*.tz=01;31:*.deb=01;31:*.rpm=01;31:*.jar=01;31:*.war=01;31:*.ear=01;31:*.sar=01;31:*.rar=01;31:*.alz=01;31:*.ace=01;31:*.zoo=01;31:*.cpio=01;31:*.7z=01;31:*.rz=01;31:*.cab=01;31:*.wim=01;31:*.swm=01;31:*.dwm=01;31:*.esd=01;31:*.jpg=01;35:*.jpeg=01;35:*.mjpg=01;35:*.mjpeg=01;35:*.gif=01;35:*.bmp=01;35:*.pbm=01;35:*.pgm=01;35:*.ppm=01;35:*.tga=01;35:*.xbm=01;35:*.xpm=01;35:*.tif=01;35:*.tiff=01;35:*.png=01;35:*.svg=01;35:*.svgz=01;35:*.mng=01;35:*.pcx=01;35:*.mov=01;35:*.mpg=01;35:*.mpeg=01;35:*.m2v=01;35:*.mkv=01;35:*.webm=01;35:*.webp=01;35:*.ogm=01;35:*.mp4=01;35:*.m4v=01;35:*.mp4v=01;35:*.vob=01;35:*.qt=01;35:*.nuv=01;35:*.wmv=01;35:*.asf=01;35:*.rm=01;35:*.rmvb=01;35:*.flc=01;35:*.avi=01;35:*.fli=01;35:*.flv=01;35:*.gl=01;35:*.dl=01;35:*.xcf=01;35:*.xwd=01;35:*.yuv=01;35:*.cgm=01;35:*.emf=01;35:*.ogv=01;35:*.ogx=01;35:*.aac=00;36:*.au=00;36:*.flac=00;36:*.m4a=00;36:*.mid=00;36:*.midi=00;36:*.mka=00;36:*.mp3=00;36:*.mpc=00;36:*.ogg=00;36:*.ra=00;36:*.wav=00;36:*.oga=00;36:*.opus=00;36:*.spx=00;36:*.xspf=00;36:', 'ROS_DOMAIN_ID': '7', 'AMENT_PREFIX_PATH': '/home/qkenrrltk2/xycar_ws/src/install/my_lidar:/home/qkenrrltk2/xycar_ws/src/install/my_cam:/home/qkenrrltk2/xycar_ws/src/install/kookmin9_viewer:/home/qkenrrltk2/xycar_ws/src/install/xycar_msgs:/home/qkenrrltk2/xycar_ws/src/install/track_drive:/home/qkenrrltk2/xycar_ws/src/install/ros_tcp_endpoint:/home/qkenrrltk2/xycar_ws/src/install/recognition:/home/qkenrrltk2/xycar_ws/src/install/my_motor:/home/qkenrrltk2/xycar_ws/src/install/my_imu:/home/qkenrrltk2/xycar_ws/install/my_lidar:/home/qkenrrltk2/xycar_ws/install/my_cam:/home/qkenrrltk2/xycar_ws/install/kookmin9_viewer:/home/qkenrrltk2/xycar_ws/install/xycar_msgs:/home/qkenrrltk2/xycar_ws/install/track_drive:/home/qkenrrltk2/xycar_ws/install/ros_tcp_endpoint:/home/qkenrrltk2/xycar_ws/install/my_motor:/home/qkenrrltk2/xycar_ws/install/my_imu:/opt/ros/humble', 'SHELL': '/bin/bash', 'LESSCLOSE': '/usr/bin/lesspipe %s %s', 'PWD': '/home/qkenrrltk2/xycar_ws/src/build/my_motor', 'XDG_DATA_DIRS': '/usr/local/share:/usr/share:/var/lib/snapd/desktop', 'PYTHONPATH': '/home/qkenrrltk2/xycar_ws/src/build/my_motor/prefix_override:/usr/lib/python3/dist-packages/colcon_core/task/python/colcon_distutils_commands:/home/qkenrrltk2/xycar_ws/src/install/my_motor/lib/python3.10/site-packages:/home/qkenrrltk2/xycar_ws/src/install/my_lidar/lib/python3.10/site-packages:/home/qkenrrltk2/xycar_ws/src/install/my_cam/lib/python3.10/site-packages:/home/qkenrrltk2/xycar_ws/src/install/kookmin9_viewer/lib/python3.10/site-packages:/home/qkenrrltk2/xycar_ws/src/install/xycar_msgs/local/lib/python3.10/dist-packages:/home/qkenrrltk2/xycar_ws/src/install/track_drive/lib/python3.10/site-packages:/home/qkenrrltk2/xycar_ws/src/install/ros_tcp_endpoint/lib/python3.10/site-packages:/home/qkenrrltk2/xycar_ws/src/install/recognition/lib/python3.10/site-packages:/home/qkenrrltk2/xycar_ws/src/install/my_motor/lib/python3.10/site-packages:/home/qkenrrltk2/xycar_ws/src/install/my_imu/lib/python3.10/site-packages:/home/qkenrrltk2/xycar_ws/install/my_lidar/lib/python3.10/site-packages:/home/qkenrrltk2/xycar_ws/install/my_cam/lib/python3.10/site-packages:/home/qkenrrltk2/xycar_ws/install/kookmin9_viewer/lib/python3.10/site-packages:/home/qkenrrltk2/xycar_ws/install/xycar_msgs/local/lib/python3.10/dist-packages:/home/qkenrrltk2/xycar_ws/install/track_drive/lib/python3.10/site-packages:/home/qkenrrltk2/xycar_ws/install/ros_tcp_endpoint/lib/python3.10/site-packages:/home/qkenrrltk2/xycar_ws/install/my_motor/lib/python3.10/site-packages:/home/qkenrrltk2/xycar_ws/install/my_imu/lib/python3.10/site-packages:/opt/ros/humble/lib/python3.10/site-packages:/opt/ros/humble/local/lib/python3.10/dist-packages', 'COLCON': '1', 'WSL2_GUI_APPS_ENABLED': '1', 'HOSTTYPE': 'x86_64', 'CMAKE_PREFIX_PATH': '/home/qkenrrltk2/xycar_ws/src/install/xycar_msgs:/home/qkenrrltk2/xycar_ws/install/xycar_msgs', 'WSLENV': 'WT_SESSION:WT_PROFILE_ID:'}, 'shell': False}
[1.643698] (recognition) Command: {'cmd': ['/usr/bin/python3', '-W', 'ignore:setup.py install is deprecated', '-W', 'ignore:easy_install command is deprecated', 'setup.py', 'egg_info', '--egg-base', '../build/recognition', 'build', '--build-base', '/home/qkenrrltk2/xycar_ws/src/build/recognition/build', 'install', '--record', '/home/qkenrrltk2/xycar_ws/src/build/recognition/install.log', '--single-version-externally-managed', 'install_data'], 'cwd': '/home/qkenrrltk2/xycar_ws/src/recognition', 'env': {'LESSOPEN': '| /usr/bin/lesspipe %s', 'USER': 'qkenrrltk2', 'ROS_NAMESPACE': 'xycar', 'SHLVL': '1', 'LD_LIBRARY_PATH': '/home/qkenrrltk2/xycar_ws/src/install/xycar_msgs/lib:/home/qkenrrltk2/xycar_ws/install/xycar_msgs/lib:/opt/ros/humble/opt/rviz_ogre_vendor/lib:/opt/ros/humble/lib/x86_64-linux-gnu:/opt/ros/humble/lib', 'WT_PROFILE_ID': '{61c54bbd-c2c6-5271-96e7-009a87ff44bf}', 'HOME': '/home/qkenrrltk2', 'OLDPWD': '/home/qkenrrltk2/xycar_ws', 'ROS_PYTHON_VERSION': '3', 'DBUS_SESSION_BUS_ADDRESS': 'unix:path=/run/user/1000/bus', 'WSL_DISTRO_NAME': 'Ubuntu-22.04', '_colcon_cd_root': '/home/qkenrrltk2/xycar_ws', 'WAYLAND_DISPLAY': 'wayland-0', 'COLCON_PREFIX_PATH': '/home/qkenrrltk2/xycar_ws/src/install:/home/qkenrrltk2/xycar_ws/install', 'ROS_DISTRO': 'humble', 'LOGNAME': 'qkenrrltk2', 'NAME': 'localhost', 'WSL_INTEROP': '/run/WSL/449_interop', 'PULSE_SERVER': 'unix:/mnt/wslg/PulseServer', '_': '/usr/bin/colcon', 'ROS_VERSION': '2', 'TERM': 'xterm-256color', 'ROS_LOCALHOST_ONLY': '0', 'PATH': '/home/qkenrrltk2/.local/bin:/opt/ros/humble/bin:/usr/local/sbin:/usr/local/bin:/usr/sbin:/usr/bin:/sbin:/bin:/usr/games:/usr/local/games:/usr/lib/wsl/lib:/mnt/c/WINDOWS/system32:/mnt/c/WINDOWS:/mnt/c/WINDOWS/System32/Wbem:/mnt/c/WINDOWS/System32/WindowsPowerShell/v1.0/:/mnt/c/WINDOWS/System32/OpenSSH/:/mnt/c/Program Files/MATLAB/R2024a/bin:/mnt/c/msys64/ucrt64/bin:/mnt/c/Program Files (x86)/Windows Kits/10/Windows Performance Toolkit/:/mnt/c/Program Files (x86)/NVIDIA Corporation/PhysX/Common:/mnt/c/Program Files/NVIDIA Corporation/NVIDIA app/NvDLISR:/mnt/c/Program Files/dotnet/:/mnt/c/Users/PJH/AppData/Local/Programs/Python/Python313/Scripts/:/mnt/c/Users/PJH/AppData/Local/Programs/Python/Python313/:/mnt/c/Users/PJH/AppData/Local/Microsoft/WindowsApps:/mnt/c/Users/PJH/AppData/Local/afreeca:/mnt/c/Users/PJH/AppData/Local/SOOP:/mnt/c/Users/PJH/AppData/Local/Programs/Microsoft VS Code/bin:/snap/bin:/home/qkenrrltk2/.local/bin', 'WT_SESSION': 'ae539ccc-3b6e-409e-b343-ae95bdb8b06a', 'XDG_RUNTIME_DIR': '/run/user/1000', 'DISPLAY': ':0', 'LANG': 'C.UTF-8', 'LS_COLORS': 'rs=0:di=01;34:ln=01;36:mh=00:pi=40;33:so=01;35:do=01;35:bd=40;33;01:cd=40;33;01:or=40;31;01:mi=00:su=37;41:sg=30;43:ca=30;41:tw=30;42:ow=34;42:st=37;44:ex=01;32:*.tar=01;31:*.tgz=01;31:*.arc=01;31:*.arj=01;31:*.taz=01;31:*.lha=01;31:*.lz4=01;31:*.lzh=01;31:*.lzma=01;31:*.tlz=01;31:*.txz=01;31:*.tzo=01;31:*.t7z=01;31:*.zip=01;31:*.z=01;31:*.dz=01;31:*.gz=01;31:*.lrz=01;31:*.lz=01;31:*.lzo=01;31:*.xz=01;31:*.zst=01;31:*.tzst=01;31:*.bz2=01;31:*.bz=01;31:*.tbz=01;31:*.tbz2=01;31:*.tz=01;31:*.deb=01;31:*.rpm=01;31:*.jar=01;31:*.war=01;31:*.ear=01;31:*.sar=01;31:*.rar=01;31:*.alz=01;31:*.ace=01;31:*.zoo=01;31:*.cpio=01;31:*.7z=01;31:*.rz=01;31:*.cab=01;31:*.wim=01;31:*.swm=01;31:*.dwm=01;31:*.esd=01;31:*.jpg=01;35:*.jpeg=01;35:*.mjpg=01;35:*.mjpeg=01;35:*.gif=01;35:*.bmp=01;35:*.pbm=01;35:*.pgm=01;35:*.ppm=01;35:*.tga=01;35:*.xbm=01;35:*.xpm=01;35:*.tif=01;35:*.tiff=01;35:*.png=01;35:*.svg=01;35:*.svgz=01;35:*.mng=01;35:*.pcx=01;35:*.mov=01;35:*.mpg=01;35:*.mpeg=01;35:*.m2v=01;35:*.mkv=01;35:*.webm=01;35:*.webp=01;35:*.ogm=01;35:*.mp4=01;35:*.m4v=01;35:*.mp4v=01;35:*.vob=01;35:*.qt=01;35:*.nuv=01;35:*.wmv=01;35:*.asf=01;35:*.rm=01;35:*.rmvb=01;35:*.flc=01;35:*.avi=01;35:*.fli=01;35:*.flv=01;35:*.gl=01;35:*.dl=01;35:*.xcf=01;35:*.xwd=01;35:*.yuv=01;35:*.cgm=01;35:*.emf=01;35:*.ogv=01;35:*.ogx=01;35:*.aac=00;36:*.au=00;36:*.flac=00;36:*.m4a=00;36:*.mid=00;36:*.midi=00;36:*.mka=00;36:*.mp3=00;36:*.mpc=00;36:*.ogg=00;36:*.ra=00;36:*.wav=00;36:*.oga=00;36:*.opus=00;36:*.spx=00;36:*.xspf=00;36:', 'ROS_DOMAIN_ID': '7', 'AMENT_PREFIX_PATH': '/home/qkenrrltk2/xycar_ws/src/install/my_lidar:/home/qkenrrltk2/xycar_ws/src/install/my_cam:/home/qkenrrltk2/xycar_ws/src/install/kookmin9_viewer:/home/qkenrrltk2/xycar_ws/src/install/xycar_msgs:/home/qkenrrltk2/xycar_ws/src/install/track_drive:/home/qkenrrltk2/xycar_ws/src/install/ros_tcp_endpoint:/home/qkenrrltk2/xycar_ws/src/install/recognition:/home/qkenrrltk2/xycar_ws/src/install/my_motor:/home/qkenrrltk2/xycar_ws/src/install/my_imu:/home/qkenrrltk2/xycar_ws/install/my_lidar:/home/qkenrrltk2/xycar_ws/install/my_cam:/home/qkenrrltk2/xycar_ws/install/kookmin9_viewer:/home/qkenrrltk2/xycar_ws/install/xycar_msgs:/home/qkenrrltk2/xycar_ws/install/track_drive:/home/qkenrrltk2/xycar_ws/install/ros_tcp_endpoint:/home/qkenrrltk2/xycar_ws/install/my_motor:/home/qkenrrltk2/xycar_ws/install/my_imu:/opt/ros/humble', 'SHELL': '/bin/bash', 'LESSCLOSE': '/usr/bin/lesspipe %s %s', 'PWD': '/home/qkenrrltk2/xycar_ws/src/build/recognition', 'XDG_DATA_DIRS': '/usr/local/share:/usr/share:/var/lib/snapd/desktop', 'PYTHONPATH': '/home/qkenrrltk2/xycar_ws/src/build/recognition/prefix_override:/usr/lib/python3/dist-packages/colcon_core/task/python/colcon_distutils_commands:/home/qkenrrltk2/xycar_ws/src/install/recognition/lib/python3.10/site-packages:/home/qkenrrltk2/xycar_ws/src/install/my_lidar/lib/python3.10/site-packages:/home/qkenrrltk2/xycar_ws/src/install/my_cam/lib/python3.10/site-packages:/home/qkenrrltk2/xycar_ws/src/install/kookmin9_viewer/lib/python3.10/site-packages:/home/qkenrrltk2/xycar_ws/src/install/xycar_msgs/local/lib/python3.10/dist-packages:/home/qkenrrltk2/xycar_ws/src/install/track_drive/lib/python3.10/site-packages:/home/qkenrrltk2/xycar_ws/src/install/ros_tcp_endpoint/lib/python3.10/site-packages:/home/qkenrrltk2/xycar_ws/src/install/recognition/lib/python3.10/site-packages:/home/qkenrrltk2/xycar_ws/src/install/my_motor/lib/python3.10/site-packages:/home/qkenrrltk2/xycar_ws/src/install/my_imu/lib/python3.10/site-packages:/home/qkenrrltk2/xycar_ws/install/my_lidar/lib/python3.10/site-packages:/home/qkenrrltk2/xycar_ws/install/my_cam/lib/python3.10/site-packages:/home/qkenrrltk2/xycar_ws/install/kookmin9_viewer/lib/python3.10/site-packages:/home/qkenrrltk2/xycar_ws/install/xycar_msgs/local/lib/python3.10/dist-packages:/home/qkenrrltk2/xycar_ws/install/track_drive/lib/python3.10/site-packages:/home/qkenrrltk2/xycar_ws/install/ros_tcp_endpoint/lib/python3.10/site-packages:/home/qkenrrltk2/xycar_ws/install/my_motor/lib/python3.10/site-packages:/home/qkenrrltk2/xycar_ws/install/my_imu/lib/python3.10/site-packages:/opt/ros/humble/lib/python3.10/site-packages:/opt/ros/humble/local/lib/python3.10/dist-packages', 'COLCON': '1', 'WSL2_GUI_APPS_ENABLED': '1', 'HOSTTYPE': 'x86_64', 'CMAKE_PREFIX_PATH': '/home/qkenrrltk2/xycar_ws/src/install/xycar_msgs:/home/qkenrrltk2/xycar_ws/install/xycar_msgs', 'WSLENV': 'WT_SESSION:WT_PROFILE_ID:'}, 'shell': False}
[1.649592] (ros_tcp_endpoint) Command: {'cmd': ['/usr/bin/python3', '-W', 'ignore:setup.py install is deprecated', '-W', 'ignore:easy_install command is deprecated', 'setup.py', 'egg_info', '--egg-base', '../build/ros_tcp_endpoint', 'build', '--build-base', '/home/qkenrrltk2/xycar_ws/src/build/ros_tcp_endpoint/build', 'install', '--record', '/home/qkenrrltk2/xycar_ws/src/build/ros_tcp_endpoint/install.log', '--single-version-externally-managed', 'install_data'], 'cwd': '/home/qkenrrltk2/xycar_ws/src/ROS-TCP-Endpoint-main-ros2', 'env': {'LESSOPEN': '| /usr/bin/lesspipe %s', 'USER': 'qkenrrltk2', 'ROS_NAMESPACE': 'xycar', 'SHLVL': '1', 'LD_LIBRARY_PATH': '/home/qkenrrltk2/xycar_ws/src/install/xycar_msgs/lib:/home/qkenrrltk2/xycar_ws/install/xycar_msgs/lib:/opt/ros/humble/opt/rviz_ogre_vendor/lib:/opt/ros/humble/lib/x86_64-linux-gnu:/opt/ros/humble/lib', 'WT_PROFILE_ID': '{61c54bbd-c2c6-5271-96e7-009a87ff44bf}', 'HOME': '/home/qkenrrltk2', 'OLDPWD': '/home/qkenrrltk2/xycar_ws', 'ROS_PYTHON_VERSION': '3', 'DBUS_SESSION_BUS_ADDRESS': 'unix:path=/run/user/1000/bus', 'WSL_DISTRO_NAME': 'Ubuntu-22.04', '_colcon_cd_root': '/home/qkenrrltk2/xycar_ws', 'WAYLAND_DISPLAY': 'wayland-0', 'COLCON_PREFIX_PATH': '/home/qkenrrltk2/xycar_ws/src/install:/home/qkenrrltk2/xycar_ws/install', 'ROS_DISTRO': 'humble', 'LOGNAME': 'qkenrrltk2', 'NAME': 'localhost', 'WSL_INTEROP': '/run/WSL/449_interop', 'PULSE_SERVER': 'unix:/mnt/wslg/PulseServer', '_': '/usr/bin/colcon', 'ROS_VERSION': '2', 'TERM': 'xterm-256color', 'ROS_LOCALHOST_ONLY': '0', 'PATH': '/home/qkenrrltk2/.local/bin:/opt/ros/humble/bin:/usr/local/sbin:/usr/local/bin:/usr/sbin:/usr/bin:/sbin:/bin:/usr/games:/usr/local/games:/usr/lib/wsl/lib:/mnt/c/WINDOWS/system32:/mnt/c/WINDOWS:/mnt/c/WINDOWS/System32/Wbem:/mnt/c/WINDOWS/System32/WindowsPowerShell/v1.0/:/mnt/c/WINDOWS/System32/OpenSSH/:/mnt/c/Program Files/MATLAB/R2024a/bin:/mnt/c/msys64/ucrt64/bin:/mnt/c/Program Files (x86)/Windows Kits/10/Windows Performance Toolkit/:/mnt/c/Program Files (x86)/NVIDIA Corporation/PhysX/Common:/mnt/c/Program Files/NVIDIA Corporation/NVIDIA app/NvDLISR:/mnt/c/Program Files/dotnet/:/mnt/c/Users/PJH/AppData/Local/Programs/Python/Python313/Scripts/:/mnt/c/Users/PJH/AppData/Local/Programs/Python/Python313/:/mnt/c/Users/PJH/AppData/Local/Microsoft/WindowsApps:/mnt/c/Users/PJH/AppData/Local/afreeca:/mnt/c/Users/PJH/AppData/Local/SOOP:/mnt/c/Users/PJH/AppData/Local/Programs/Microsoft VS Code/bin:/snap/bin:/home/qkenrrltk2/.local/bin', 'WT_SESSION': 'ae539ccc-3b6e-409e-b343-ae95bdb8b06a', 'XDG_RUNTIME_DIR': '/run/user/1000', 'DISPLAY': ':0', 'LANG': 'C.UTF-8', 'LS_COLORS': 'rs=0:di=01;34:ln=01;36:mh=00:pi=40;33:so=01;35:do=01;35:bd=40;33;01:cd=40;33;01:or=40;31;01:mi=00:su=37;41:sg=30;43:ca=30;41:tw=30;42:ow=34;42:st=37;44:ex=01;32:*.tar=01;31:*.tgz=01;31:*.arc=01;31:*.arj=01;31:*.taz=01;31:*.lha=01;31:*.lz4=01;31:*.lzh=01;31:*.lzma=01;31:*.tlz=01;31:*.txz=01;31:*.tzo=01;31:*.t7z=01;31:*.zip=01;31:*.z=01;31:*.dz=01;31:*.gz=01;31:*.lrz=01;31:*.lz=01;31:*.lzo=01;31:*.xz=01;31:*.zst=01;31:*.tzst=01;31:*.bz2=01;31:*.bz=01;31:*.tbz=01;31:*.tbz2=01;31:*.tz=01;31:*.deb=01;31:*.rpm=01;31:*.jar=01;31:*.war=01;31:*.ear=01;31:*.sar=01;31:*.rar=01;31:*.alz=01;31:*.ace=01;31:*.zoo=01;31:*.cpio=01;31:*.7z=01;31:*.rz=01;31:*.cab=01;31:*.wim=01;31:*.swm=01;31:*.dwm=01;31:*.esd=01;31:*.jpg=01;35:*.jpeg=01;35:*.mjpg=01;35:*.mjpeg=01;35:*.gif=01;35:*.bmp=01;35:*.pbm=01;35:*.pgm=01;35:*.ppm=01;35:*.tga=01;35:*.xbm=01;35:*.xpm=01;35:*.tif=01;35:*.tiff=01;35:*.png=01;35:*.svg=01;35:*.svgz=01;35:*.mng=01;35:*.pcx=01;35:*.mov=01;35:*.mpg=01;35:*.mpeg=01;35:*.m2v=01;35:*.mkv=01;35:*.webm=01;35:*.webp=01;35:*.ogm=01;35:*.mp4=01;35:*.m4v=01;35:*.mp4v=01;35:*.vob=01;35:*.qt=01;35:*.nuv=01;35:*.wmv=01;35:*.asf=01;35:*.rm=01;35:*.rmvb=01;35:*.flc=01;35:*.avi=01;35:*.fli=01;35:*.flv=01;35:*.gl=01;35:*.dl=01;35:*.xcf=01;35:*.xwd=01;35:*.yuv=01;35:*.cgm=01;35:*.emf=01;35:*.ogv=01;35:*.ogx=01;35:*.aac=00;36:*.au=00;36:*.flac=00;36:*.m4a=00;36:*.mid=00;36:*.midi=00;36:*.mka=00;36:*.mp3=00;36:*.mpc=00;36:*.ogg=00;36:*.ra=00;36:*.wav=00;36:*.oga=00;36:*.opus=00;36:*.spx=00;36:*.xspf=00;36:', 'ROS_DOMAIN_ID': '7', 'AMENT_PREFIX_PATH': '/home/qkenrrltk2/xycar_ws/src/install/my_lidar:/home/qkenrrltk2/xycar_ws/src/install/my_cam:/home/qkenrrltk2/xycar_ws/src/install/kookmin9_viewer:/home/qkenrrltk2/xycar_ws/src/install/xycar_msgs:/home/qkenrrltk2/xycar_ws/src/install/track_drive:/home/qkenrrltk2/xycar_ws/src/install/ros_tcp_endpoint:/home/qkenrrltk2/xycar_ws/src/install/recognition:/home/qkenrrltk2/xycar_ws/src/install/my_motor:/home/qkenrrltk2/xycar_ws/src/install/my_imu:/home/qkenrrltk2/xycar_ws/install/my_lidar:/home/qkenrrltk2/xycar_ws/install/my_cam:/home/qkenrrltk2/xycar_ws/install/kookmin9_viewer:/home/qkenrrltk2/xycar_ws/install/xycar_msgs:/home/qkenrrltk2/xycar_ws/install/track_drive:/home/qkenrrltk2/xycar_ws/install/ros_tcp_endpoint:/home/qkenrrltk2/xycar_ws/install/my_motor:/home/qkenrrltk2/xycar_ws/install/my_imu:/opt/ros/humble', 'SHELL': '/bin/bash', 'LESSCLOSE': '/usr/bin/lesspipe %s %s', 'PWD': '/home/qkenrrltk2/xycar_ws/src/build/ros_tcp_endpoint', 'XDG_DATA_DIRS': '/usr/local/share:/usr/share:/var/lib/snapd/desktop', 'PYTHONPATH': '/home/qkenrrltk2/xycar_ws/src/build/ros_tcp_endpoint/prefix_override:/usr/lib/python3/dist-packages/colcon_core/task/python/colcon_distutils_commands:/home/qkenrrltk2/xycar_ws/src/install/ros_tcp_endpoint/lib/python3.10/site-packages:/home/qkenrrltk2/xycar_ws/src/install/my_lidar/lib/python3.10/site-packages:/home/qkenrrltk2/xycar_ws/src/install/my_cam/lib/python3.10/site-packages:/home/qkenrrltk2/xycar_ws/src/install/kookmin9_viewer/lib/python3.10/site-packages:/home/qkenrrltk2/xycar_ws/src/install/xycar_msgs/local/lib/python3.10/dist-packages:/home/qkenrrltk2/xycar_ws/src/install/track_drive/lib/python3.10/site-packages:/home/qkenrrltk2/xycar_ws/src/install/ros_tcp_endpoint/lib/python3.10/site-packages:/home/qkenrrltk2/xycar_ws/src/install/recognition/lib/python3.10/site-packages:/home/qkenrrltk2/xycar_ws/src/install/my_motor/lib/python3.10/site-packages:/home/qkenrrltk2/xycar_ws/src/install/my_imu/lib/python3.10/site-packages:/home/qkenrrltk2/xycar_ws/install/my_lidar/lib/python3.10/site-packages:/home/qkenrrltk2/xycar_ws/install/my_cam/lib/python3.10/site-packages:/home/qkenrrltk2/xycar_ws/install/kookmin9_viewer/lib/python3.10/site-packages:/home/qkenrrltk2/xycar_ws/install/xycar_msgs/local/lib/python3.10/dist-packages:/home/qkenrrltk2/xycar_ws/install/track_drive/lib/python3.10/site-packages:/home/qkenrrltk2/xycar_ws/install/ros_tcp_endpoint/lib/python3.10/site-packages:/home/qkenrrltk2/xycar_ws/install/my_motor/lib/python3.10/site-packages:/home/qkenrrltk2/xycar_ws/install/my_imu/lib/python3.10/site-packages:/opt/ros/humble/lib/python3.10/site-packages:/opt/ros/humble/local/lib/python3.10/dist-packages', 'COLCON': '1', 'WSL2_GUI_APPS_ENABLED': '1', 'HOSTTYPE': 'x86_64', 'CMAKE_PREFIX_PATH': '/home/qkenrrltk2/xycar_ws/src/install/xycar_msgs:/home/qkenrrltk2/xycar_ws/install/xycar_msgs', 'WSLENV': 'WT_SESSION:WT_PROFILE_ID:'}, 'shell': False}
[1.651978] (my_imu) Command: {'cmd': ['/usr/bin/python3', '-W', 'ignore:setup.py install is deprecated', '-W', 'ignore:easy_install command is deprecated', 'setup.py', 'egg_info', '--egg-base', '../build/my_imu', 'build', '--build-base', '/home/qkenrrltk2/xycar_ws/src/build/my_imu/build', 'install', '--record', '/home/qkenrrltk2/xycar_ws/src/build/my_imu/install.log', '--single-version-externally-managed', 'install_data'], 'cwd': '/home/qkenrrltk2/xycar_ws/src/my_imu', 'env': {'LESSOPEN': '| /usr/bin/lesspipe %s', 'USER': 'qkenrrltk2', 'ROS_NAMESPACE': 'xycar', 'SHLVL': '1', 'LD_LIBRARY_PATH': '/home/qkenrrltk2/xycar_ws/src/install/xycar_msgs/lib:/home/qkenrrltk2/xycar_ws/install/xycar_msgs/lib:/opt/ros/humble/opt/rviz_ogre_vendor/lib:/opt/ros/humble/lib/x86_64-linux-gnu:/opt/ros/humble/lib', 'WT_PROFILE_ID': '{61c54bbd-c2c6-5271-96e7-009a87ff44bf}', 'HOME': '/home/qkenrrltk2', 'OLDPWD': '/home/qkenrrltk2/xycar_ws', 'ROS_PYTHON_VERSION': '3', 'DBUS_SESSION_BUS_ADDRESS': 'unix:path=/run/user/1000/bus', 'WSL_DISTRO_NAME': 'Ubuntu-22.04', '_colcon_cd_root': '/home/qkenrrltk2/xycar_ws', 'WAYLAND_DISPLAY': 'wayland-0', 'COLCON_PREFIX_PATH': '/home/qkenrrltk2/xycar_ws/src/install:/home/qkenrrltk2/xycar_ws/install', 'ROS_DISTRO': 'humble', 'LOGNAME': 'qkenrrltk2', 'NAME': 'localhost', 'WSL_INTEROP': '/run/WSL/449_interop', 'PULSE_SERVER': 'unix:/mnt/wslg/PulseServer', '_': '/usr/bin/colcon', 'ROS_VERSION': '2', 'TERM': 'xterm-256color', 'ROS_LOCALHOST_ONLY': '0', 'PATH': '/home/qkenrrltk2/.local/bin:/opt/ros/humble/bin:/usr/local/sbin:/usr/local/bin:/usr/sbin:/usr/bin:/sbin:/bin:/usr/games:/usr/local/games:/usr/lib/wsl/lib:/mnt/c/WINDOWS/system32:/mnt/c/WINDOWS:/mnt/c/WINDOWS/System32/Wbem:/mnt/c/WINDOWS/System32/WindowsPowerShell/v1.0/:/mnt/c/WINDOWS/System32/OpenSSH/:/mnt/c/Program Files/MATLAB/R2024a/bin:/mnt/c/msys64/ucrt64/bin:/mnt/c/Program Files (x86)/Windows Kits/10/Windows Performance Toolkit/:/mnt/c/Program Files (x86)/NVIDIA Corporation/PhysX/Common:/mnt/c/Program Files/NVIDIA Corporation/NVIDIA app/NvDLISR:/mnt/c/Program Files/dotnet/:/mnt/c/Users/PJH/AppData/Local/Programs/Python/Python313/Scripts/:/mnt/c/Users/PJH/AppData/Local/Programs/Python/Python313/:/mnt/c/Users/PJH/AppData/Local/Microsoft/WindowsApps:/mnt/c/Users/PJH/AppData/Local/afreeca:/mnt/c/Users/PJH/AppData/Local/SOOP:/mnt/c/Users/PJH/AppData/Local/Programs/Microsoft VS Code/bin:/snap/bin:/home/qkenrrltk2/.local/bin', 'WT_SESSION': 'ae539ccc-3b6e-409e-b343-ae95bdb8b06a', 'XDG_RUNTIME_DIR': '/run/user/1000', 'DISPLAY': ':0', 'LANG': 'C.UTF-8', 'LS_COLORS': 'rs=0:di=01;34:ln=01;36:mh=00:pi=40;33:so=01;35:do=01;35:bd=40;33;01:cd=40;33;01:or=40;31;01:mi=00:su=37;41:sg=30;43:ca=30;41:tw=30;42:ow=34;42:st=37;44:ex=01;32:*.tar=01;31:*.tgz=01;31:*.arc=01;31:*.arj=01;31:*.taz=01;31:*.lha=01;31:*.lz4=01;31:*.lzh=01;31:*.lzma=01;31:*.tlz=01;31:*.txz=01;31:*.tzo=01;31:*.t7z=01;31:*.zip=01;31:*.z=01;31:*.dz=01;31:*.gz=01;31:*.lrz=01;31:*.lz=01;31:*.lzo=01;31:*.xz=01;31:*.zst=01;31:*.tzst=01;31:*.bz2=01;31:*.bz=01;31:*.tbz=01;31:*.tbz2=01;31:*.tz=01;31:*.deb=01;31:*.rpm=01;31:*.jar=01;31:*.war=01;31:*.ear=01;31:*.sar=01;31:*.rar=01;31:*.alz=01;31:*.ace=01;31:*.zoo=01;31:*.cpio=01;31:*.7z=01;31:*.rz=01;31:*.cab=01;31:*.wim=01;31:*.swm=01;31:*.dwm=01;31:*.esd=01;31:*.jpg=01;35:*.jpeg=01;35:*.mjpg=01;35:*.mjpeg=01;35:*.gif=01;35:*.bmp=01;35:*.pbm=01;35:*.pgm=01;35:*.ppm=01;35:*.tga=01;35:*.xbm=01;35:*.xpm=01;35:*.tif=01;35:*.tiff=01;35:*.png=01;35:*.svg=01;35:*.svgz=01;35:*.mng=01;35:*.pcx=01;35:*.mov=01;35:*.mpg=01;35:*.mpeg=01;35:*.m2v=01;35:*.mkv=01;35:*.webm=01;35:*.webp=01;35:*.ogm=01;35:*.mp4=01;35:*.m4v=01;35:*.mp4v=01;35:*.vob=01;35:*.qt=01;35:*.nuv=01;35:*.wmv=01;35:*.asf=01;35:*.rm=01;35:*.rmvb=01;35:*.flc=01;35:*.avi=01;35:*.fli=01;35:*.flv=01;35:*.gl=01;35:*.dl=01;35:*.xcf=01;35:*.xwd=01;35:*.yuv=01;35:*.cgm=01;35:*.emf=01;35:*.ogv=01;35:*.ogx=01;35:*.aac=00;36:*.au=00;36:*.flac=00;36:*.m4a=00;36:*.mid=00;36:*.midi=00;36:*.mka=00;36:*.mp3=00;36:*.mpc=00;36:*.ogg=00;36:*.ra=00;36:*.wav=00;36:*.oga=00;36:*.opus=00;36:*.spx=00;36:*.xspf=00;36:', 'ROS_DOMAIN_ID': '7', 'AMENT_PREFIX_PATH': '/home/qkenrrltk2/xycar_ws/src/install/my_lidar:/home/qkenrrltk2/xycar_ws/src/install/my_cam:/home/qkenrrltk2/xycar_ws/src/install/kookmin9_viewer:/home/qkenrrltk2/xycar_ws/src/install/xycar_msgs:/home/qkenrrltk2/xycar_ws/src/install/track_drive:/home/qkenrrltk2/xycar_ws/src/install/ros_tcp_endpoint:/home/qkenrrltk2/xycar_ws/src/install/recognition:/home/qkenrrltk2/xycar_ws/src/install/my_motor:/home/qkenrrltk2/xycar_ws/src/install/my_imu:/home/qkenrrltk2/xycar_ws/install/my_lidar:/home/qkenrrltk2/xycar_ws/install/my_cam:/home/qkenrrltk2/xycar_ws/install/kookmin9_viewer:/home/qkenrrltk2/xycar_ws/install/xycar_msgs:/home/qkenrrltk2/xycar_ws/install/track_drive:/home/qkenrrltk2/xycar_ws/install/ros_tcp_endpoint:/home/qkenrrltk2/xycar_ws/install/my_motor:/home/qkenrrltk2/xycar_ws/install/my_imu:/opt/ros/humble', 'SHELL': '/bin/bash', 'LESSCLOSE': '/usr/bin/lesspipe %s %s', 'PWD': '/home/qkenrrltk2/xycar_ws/src/build/my_imu', 'XDG_DATA_DIRS': '/usr/local/share:/usr/share:/var/lib/snapd/desktop', 'PYTHONPATH': '/home/qkenrrltk2/xycar_ws/src/build/my_imu/prefix_override:/usr/lib/python3/dist-packages/colcon_core/task/python/colcon_distutils_commands:/home/qkenrrltk2/xycar_ws/src/install/my_imu/lib/python3.10/site-packages:/home/qkenrrltk2/xycar_ws/src/install/my_lidar/lib/python3.10/site-packages:/home/qkenrrltk2/xycar_ws/src/install/my_cam/lib/python3.10/site-packages:/home/qkenrrltk2/xycar_ws/src/install/kookmin9_viewer/lib/python3.10/site-packages:/home/qkenrrltk2/xycar_ws/src/install/xycar_msgs/local/lib/python3.10/dist-packages:/home/qkenrrltk2/xycar_ws/src/install/track_drive/lib/python3.10/site-packages:/home/qkenrrltk2/xycar_ws/src/install/ros_tcp_endpoint/lib/python3.10/site-packages:/home/qkenrrltk2/xycar_ws/src/install/recognition/lib/python3.10/site-packages:/home/qkenrrltk2/xycar_ws/src/install/my_motor/lib/python3.10/site-packages:/home/qkenrrltk2/xycar_ws/src/install/my_imu/lib/python3.10/site-packages:/home/qkenrrltk2/xycar_ws/install/my_lidar/lib/python3.10/site-packages:/home/qkenrrltk2/xycar_ws/install/my_cam/lib/python3.10/site-packages:/home/qkenrrltk2/xycar_ws/install/kookmin9_viewer/lib/python3.10/site-packages:/home/qkenrrltk2/xycar_ws/install/xycar_msgs/local/lib/python3.10/dist-packages:/home/qkenrrltk2/xycar_ws/install/track_drive/lib/python3.10/site-packages:/home/qkenrrltk2/xycar_ws/install/ros_tcp_endpoint/lib/python3.10/site-packages:/home/qkenrrltk2/xycar_ws/install/my_motor/lib/python3.10/site-packages:/home/qkenrrltk2/xycar_ws/install/my_imu/lib/python3.10/site-packages:/opt/ros/humble/lib/python3.10/site-packages:/opt/ros/humble/local/lib/python3.10/dist-packages', 'COLCON': '1', 'WSL2_GUI_APPS_ENABLED': '1', 'HOSTTYPE': 'x86_64', 'CMAKE_PREFIX_PATH': '/home/qkenrrltk2/xycar_ws/src/install/xycar_msgs:/home/qkenrrltk2/xycar_ws/install/xycar_msgs', 'WSLENV': 'WT_SESSION:WT_PROFILE_ID:'}, 'shell': False}
[1.709102] (-) TimerEvent: {}
[1.809468] (-) TimerEvent: {}
[1.836718] (track_drive) StdoutLine: {'line': b'running egg_info\n'}
[1.837298] (track_drive) StdoutLine: {'line': b'writing ../build/track_drive/track_drive.egg-info/PKG-INFO\n'}
[1.837991] (track_drive) StdoutLine: {'line': b'writing dependency_links to ../build/track_drive/track_drive.egg-info/dependency_links.txt\n'}
[1.838109] (my_imu) StdoutLine: {'line': b'running egg_info\n'}
[1.838385] (track_drive) StdoutLine: {'line': b'writing entry points to ../build/track_drive/track_drive.egg-info/entry_points.txt\n'}
[1.838656] (track_drive) StdoutLine: {'line': b'writing requirements to ../build/track_drive/track_drive.egg-info/requires.txt\n'}
[1.838764] (track_drive) StdoutLine: {'line': b'writing top-level names to ../build/track_drive/track_drive.egg-info/top_level.txt\n'}
[1.838981] (my_imu) StdoutLine: {'line': b'writing ../build/my_imu/my_imu.egg-info/PKG-INFO\n'}
[1.839043] (my_imu) StdoutLine: {'line': b'writing dependency_links to ../build/my_imu/my_imu.egg-info/dependency_links.txt\n'}
[1.839244] (my_imu) StdoutLine: {'line': b'writing entry points to ../build/my_imu/my_imu.egg-info/entry_points.txt\n'}
[1.839496] (my_imu) StdoutLine: {'line': b'writing requirements to ../build/my_imu/my_imu.egg-info/requires.txt\n'}
[1.839736] (recognition) StdoutLine: {'line': b'running egg_info\n'}
[1.840035] (my_imu) StdoutLine: {'line': b'writing top-level names to ../build/my_imu/my_imu.egg-info/top_level.txt\n'}
[1.840277] (recognition) StdoutLine: {'line': b'writing ../build/recognition/recognition.egg-info/PKG-INFO\n'}
[1.840413] (track_drive) StdoutLine: {'line': b"reading manifest file '../build/track_drive/track_drive.egg-info/SOURCES.txt'\n"}
[1.840485] (recognition) StdoutLine: {'line': b'writing dependency_links to ../build/recognition/recognition.egg-info/dependency_links.txt\n'}
[1.840514] (recognition) StdoutLine: {'line': b'writing entry points to ../build/recognition/recognition.egg-info/entry_points.txt\n'}
[1.840614] (recognition) StdoutLine: {'line': b'writing requirements to ../build/recognition/recognition.egg-info/requires.txt\n'}
[1.840716] (recognition) StdoutLine: {'line': b'writing top-level names to ../build/recognition/recognition.egg-info/top_level.txt\n'}
[1.840815] (track_drive) StdoutLine: {'line': b"adding license file 'LICENSE'\n"}
[1.840866] (my_motor) StdoutLine: {'line': b'running egg_info\n'}
[1.841212] (track_drive) StdoutLine: {'line': b"writing manifest file '../build/track_drive/track_drive.egg-info/SOURCES.txt'\n"}
[1.841372] (my_imu) StdoutLine: {'line': b"reading manifest file '../build/my_imu/my_imu.egg-info/SOURCES.txt'\n"}
[1.841433] (track_drive) StdoutLine: {'line': b'running build\n'}
[1.841462] (track_drive) StdoutLine: {'line': b'running build_py\n'}
[1.841487] (my_motor) StdoutLine: {'line': b'writing ../build/my_motor/my_motor.egg-info/PKG-INFO\n'}
[1.841645] (track_drive) StdoutLine: {'line': b'running install\n'}
[1.841894] (track_drive) StdoutLine: {'line': b'running install_lib\n'}
[1.842078] (my_motor) StdoutLine: {'line': b'writing dependency_links to ../build/my_motor/my_motor.egg-info/dependency_links.txt\n'}
[1.842458] (my_motor) StdoutLine: {'line': b'writing entry points to ../build/my_motor/my_motor.egg-info/entry_points.txt\n'}
[1.842575] (my_motor) StdoutLine: {'line': b'writing requirements to ../build/my_motor/my_motor.egg-info/requires.txt\n'}
[1.842642] (my_motor) StdoutLine: {'line': b'writing top-level names to ../build/my_motor/my_motor.egg-info/top_level.txt\n'}
[1.842702] (my_imu) StdoutLine: {'line': b"writing manifest file '../build/my_imu/my_imu.egg-info/SOURCES.txt'\n"}
[1.842766] (recognition) StdoutLine: {'line': b"reading manifest file '../build/recognition/recognition.egg-info/SOURCES.txt'\n"}
[1.842829] (my_imu) StdoutLine: {'line': b'running build\n'}
[1.842923] (my_imu) StdoutLine: {'line': b'running build_py\n'}
[1.843050] (my_imu) StdoutLine: {'line': b'running install\n'}
[1.843175] (track_drive) StdoutLine: {'line': b'running install_data\n'}
[1.843454] (recognition) StdoutLine: {'line': b"writing manifest file '../build/recognition/recognition.egg-info/SOURCES.txt'\n"}
[1.843627] (track_drive) StdoutLine: {'line': b'running install_egg_info\n'}
[1.843730] (recognition) StdoutLine: {'line': b'running build\n'}
[1.843838] (recognition) StdoutLine: {'line': b'running build_py\n'}
[1.844062] (my_imu) StdoutLine: {'line': b'running install_lib\n'}
[1.844126] (recognition) StdoutLine: {'line': b'running install\n'}
[1.844427] (recognition) StdoutLine: {'line': b'running install_lib\n'}
[1.844633] (my_motor) StdoutLine: {'line': b"reading manifest file '../build/my_motor/my_motor.egg-info/SOURCES.txt'\n"}
[1.845253] (my_motor) StdoutLine: {'line': b"adding license file 'LICENSE'\n"}
[1.845788] (track_drive) StdoutLine: {'line': b"removing '/home/qkenrrltk2/xycar_ws/src/install/track_drive/lib/python3.10/site-packages/track_drive-0.0.0-py3.10.egg-info' (and everything under it)\n"}
[1.846188] (my_motor) StdoutLine: {'line': b"writing manifest file '../build/my_motor/my_motor.egg-info/SOURCES.txt'\n"}
[1.846318] (my_imu) StdoutLine: {'line': b'running install_data\n'}
[1.846484] (my_imu) StdoutLine: {'line': b'running install_egg_info\n'}
[1.846518] (recognition) StdoutLine: {'line': b'running install_data\n'}
[1.846550] (recognition) StdoutLine: {'line': b'running install_egg_info\n'}
[1.846576] (my_motor) StdoutLine: {'line': b'running build\n'}
[1.846601] (my_motor) StdoutLine: {'line': b'running build_py\n'}
[1.846624] (track_drive) StdoutLine: {'line': b'Copying ../build/track_drive/track_drive.egg-info to /home/qkenrrltk2/xycar_ws/src/install/track_drive/lib/python3.10/site-packages/track_drive-0.0.0-py3.10.egg-info\n'}
[1.846653] (my_motor) StdoutLine: {'line': b'running install\n'}
[1.846850] (my_motor) StdoutLine: {'line': b'running install_lib\n'}
[1.847385] (track_drive) StdoutLine: {'line': b'running install_scripts\n'}
[1.848062] (my_imu) StdoutLine: {'line': b"removing '/home/qkenrrltk2/xycar_ws/src/install/my_imu/lib/python3.10/site-packages/my_imu-0.0.0-py3.10.egg-info' (and everything under it)\n"}
[1.848197] (recognition) StdoutLine: {'line': b"removing '/home/qkenrrltk2/xycar_ws/src/install/recognition/lib/python3.10/site-packages/recognition-0.0.0-py3.10.egg-info' (and everything under it)\n"}
[1.848524] (my_imu) StdoutLine: {'line': b'Copying ../build/my_imu/my_imu.egg-info to /home/qkenrrltk2/xycar_ws/src/install/my_imu/lib/python3.10/site-packages/my_imu-0.0.0-py3.10.egg-info\n'}
[1.848637] (recognition) StdoutLine: {'line': b'Copying ../build/recognition/recognition.egg-info to /home/qkenrrltk2/xycar_ws/src/install/recognition/lib/python3.10/site-packages/recognition-0.0.0-py3.10.egg-info\n'}
[1.848942] (my_motor) StdoutLine: {'line': b'running install_data\n'}
[1.849104] (my_motor) StdoutLine: {'line': b'running install_egg_info\n'}
[1.849428] (recognition) StdoutLine: {'line': b'running install_scripts\n'}
[1.849634] (my_imu) StdoutLine: {'line': b'running install_scripts\n'}
[1.851486] (my_motor) StdoutLine: {'line': b"removing '/home/qkenrrltk2/xycar_ws/src/install/my_motor/lib/python3.10/site-packages/my_motor-0.0.0-py3.10.egg-info' (and everything under it)\n"}
[1.851708] (ros_tcp_endpoint) StdoutLine: {'line': b'running egg_info\n'}
[1.851839] (my_motor) StdoutLine: {'line': b'Copying ../build/my_motor/my_motor.egg-info to /home/qkenrrltk2/xycar_ws/src/install/my_motor/lib/python3.10/site-packages/my_motor-0.0.0-py3.10.egg-info\n'}
[1.852265] (ros_tcp_endpoint) StdoutLine: {'line': b'writing ../build/ros_tcp_endpoint/ros_tcp_endpoint.egg-info/PKG-INFO\n'}
[1.852481] (ros_tcp_endpoint) StdoutLine: {'line': b'writing dependency_links to ../build/ros_tcp_endpoint/ros_tcp_endpoint.egg-info/dependency_links.txt\n'}
[1.852695] (ros_tcp_endpoint) StdoutLine: {'line': b'writing entry points to ../build/ros_tcp_endpoint/ros_tcp_endpoint.egg-info/entry_points.txt\n'}
[1.852917] (ros_tcp_endpoint) StdoutLine: {'line': b'writing requirements to ../build/ros_tcp_endpoint/ros_tcp_endpoint.egg-info/requires.txt\n'}
[1.852996] (ros_tcp_endpoint) StdoutLine: {'line': b'writing top-level names to ../build/ros_tcp_endpoint/ros_tcp_endpoint.egg-info/top_level.txt\n'}
[1.853543] (my_motor) StdoutLine: {'line': b'running install_scripts\n'}
[1.854718] (ros_tcp_endpoint) StdoutLine: {'line': b"reading manifest file '../build/ros_tcp_endpoint/ros_tcp_endpoint.egg-info/SOURCES.txt'\n"}
[1.855235] (ros_tcp_endpoint) StdoutLine: {'line': b"adding license file 'LICENSE'\n"}
[1.855841] (ros_tcp_endpoint) StdoutLine: {'line': b"writing manifest file '../build/ros_tcp_endpoint/ros_tcp_endpoint.egg-info/SOURCES.txt'\n"}
[1.856021] (ros_tcp_endpoint) StdoutLine: {'line': b'running build\n'}
[1.856085] (ros_tcp_endpoint) StdoutLine: {'line': b'running build_py\n'}
[1.856840] (ros_tcp_endpoint) StdoutLine: {'line': b'running install\n'}
[1.857118] (ros_tcp_endpoint) StdoutLine: {'line': b'running install_lib\n'}
[1.859339] (ros_tcp_endpoint) StdoutLine: {'line': b'running install_data\n'}
[1.859604] (ros_tcp_endpoint) StdoutLine: {'line': b'running install_egg_info\n'}
[1.861831] (ros_tcp_endpoint) StdoutLine: {'line': b"removing '/home/qkenrrltk2/xycar_ws/src/install/ros_tcp_endpoint/lib/python3.10/site-packages/ros_tcp_endpoint-0.0.1-py3.10.egg-info' (and everything under it)\n"}
[1.862427] (ros_tcp_endpoint) StdoutLine: {'line': b'Copying ../build/ros_tcp_endpoint/ros_tcp_endpoint.egg-info to /home/qkenrrltk2/xycar_ws/src/install/ros_tcp_endpoint/lib/python3.10/site-packages/ros_tcp_endpoint-0.0.1-py3.10.egg-info\n'}
[1.863662] (ros_tcp_endpoint) StdoutLine: {'line': b'running install_scripts\n'}
[1.868111] (track_drive) StdoutLine: {'line': b'Installing track_drive script to /home/qkenrrltk2/xycar_ws/src/install/track_drive/lib/track_drive\n'}
[1.868470] (track_drive) StdoutLine: {'line': b"writing list of installed files to '/home/qkenrrltk2/xycar_ws/src/build/track_drive/install.log'\n"}
[1.868710] (recognition) StdoutLine: {'line': b"writing list of installed files to '/home/qkenrrltk2/xycar_ws/src/build/recognition/install.log'\n"}
[1.869584] (my_imu) StdoutLine: {'line': b'Installing roll_pitch_yaw script to /home/qkenrrltk2/xycar_ws/src/install/my_imu/lib/my_imu\n'}
[1.869913] (my_imu) StdoutLine: {'line': b"writing list of installed files to '/home/qkenrrltk2/xycar_ws/src/build/my_imu/install.log'\n"}
[1.875944] (my_motor) StdoutLine: {'line': b'Installing go script to /home/qkenrrltk2/xycar_ws/src/install/my_motor/lib/my_motor\n'}
[1.876203] (my_motor) StdoutLine: {'line': b'Installing go_stop script to /home/qkenrrltk2/xycar_ws/src/install/my_motor/lib/my_motor\n'}
[1.876366] (my_motor) StdoutLine: {'line': b"writing list of installed files to '/home/qkenrrltk2/xycar_ws/src/build/my_motor/install.log'\n"}
[1.882269] (ros_tcp_endpoint) StdoutLine: {'line': b'Installing default_server_endpoint script to /home/qkenrrltk2/xycar_ws/src/install/ros_tcp_endpoint/lib/ros_tcp_endpoint\n'}
[1.883021] (ros_tcp_endpoint) StdoutLine: {'line': b"writing list of installed files to '/home/qkenrrltk2/xycar_ws/src/build/ros_tcp_endpoint/install.log'\n"}
[1.896312] (recognition) CommandEnded: {'returncode': 0}
[1.904887] (recognition) JobEnded: {'identifier': 'recognition', 'rc': 0}
[1.905284] (my_imu) CommandEnded: {'returncode': 0}
[1.909580] (-) TimerEvent: {}
[1.914617] (my_imu) JobEnded: {'identifier': 'my_imu', 'rc': 0}
[1.916488] (my_cam) JobStarted: {'identifier': 'my_cam'}
[1.922270] (track_drive) CommandEnded: {'returncode': 0}
[1.930920] (track_drive) JobEnded: {'identifier': 'track_drive', 'rc': 0}
[1.931718] (my_motor) CommandEnded: {'returncode': 0}
[1.940775] (my_motor) JobEnded: {'identifier': 'my_motor', 'rc': 0}
[1.941658] (ros_tcp_endpoint) CommandEnded: {'returncode': 0}
[1.948899] (ros_tcp_endpoint) JobEnded: {'identifier': 'ros_tcp_endpoint', 'rc': 0}
[1.957935] (my_lidar) Command: {'cmd': ['/usr/bin/python3', '-W', 'ignore:setup.py install is deprecated', '-W', 'ignore:easy_install command is deprecated', 'setup.py', 'egg_info', '--egg-base', '../build/my_lidar', 'build', '--build-base', '/home/qkenrrltk2/xycar_ws/src/build/my_lidar/build', 'install', '--record', '/home/qkenrrltk2/xycar_ws/src/build/my_lidar/install.log', '--single-version-externally-managed', 'install_data'], 'cwd': '/home/qkenrrltk2/xycar_ws/src/my_lidar', 'env': {'LESSOPEN': '| /usr/bin/lesspipe %s', 'USER': 'qkenrrltk2', 'ROS_NAMESPACE': 'xycar', 'SHLVL': '1', 'LD_LIBRARY_PATH': '/home/qkenrrltk2/xycar_ws/src/install/xycar_msgs/lib:/home/qkenrrltk2/xycar_ws/install/xycar_msgs/lib:/opt/ros/humble/opt/rviz_ogre_vendor/lib:/opt/ros/humble/lib/x86_64-linux-gnu:/opt/ros/humble/lib', 'WT_PROFILE_ID': '{61c54bbd-c2c6-5271-96e7-009a87ff44bf}', 'HOME': '/home/qkenrrltk2', 'OLDPWD': '/home/qkenrrltk2/xycar_ws', 'ROS_PYTHON_VERSION': '3', 'DBUS_SESSION_BUS_ADDRESS': 'unix:path=/run/user/1000/bus', 'WSL_DISTRO_NAME': 'Ubuntu-22.04', '_colcon_cd_root': '/home/qkenrrltk2/xycar_ws', 'WAYLAND_DISPLAY': 'wayland-0', 'COLCON_PREFIX_PATH': '/home/qkenrrltk2/xycar_ws/src/install:/home/qkenrrltk2/xycar_ws/install', 'ROS_DISTRO': 'humble', 'LOGNAME': 'qkenrrltk2', 'NAME': 'localhost', 'WSL_INTEROP': '/run/WSL/449_interop', 'PULSE_SERVER': 'unix:/mnt/wslg/PulseServer', '_': '/usr/bin/colcon', 'ROS_VERSION': '2', 'TERM': 'xterm-256color', 'ROS_LOCALHOST_ONLY': '0', 'PATH': '/home/qkenrrltk2/.local/bin:/opt/ros/humble/bin:/usr/local/sbin:/usr/local/bin:/usr/sbin:/usr/bin:/sbin:/bin:/usr/games:/usr/local/games:/usr/lib/wsl/lib:/mnt/c/WINDOWS/system32:/mnt/c/WINDOWS:/mnt/c/WINDOWS/System32/Wbem:/mnt/c/WINDOWS/System32/WindowsPowerShell/v1.0/:/mnt/c/WINDOWS/System32/OpenSSH/:/mnt/c/Program Files/MATLAB/R2024a/bin:/mnt/c/msys64/ucrt64/bin:/mnt/c/Program Files (x86)/Windows Kits/10/Windows Performance Toolkit/:/mnt/c/Program Files (x86)/NVIDIA Corporation/PhysX/Common:/mnt/c/Program Files/NVIDIA Corporation/NVIDIA app/NvDLISR:/mnt/c/Program Files/dotnet/:/mnt/c/Users/PJH/AppData/Local/Programs/Python/Python313/Scripts/:/mnt/c/Users/PJH/AppData/Local/Programs/Python/Python313/:/mnt/c/Users/PJH/AppData/Local/Microsoft/WindowsApps:/mnt/c/Users/PJH/AppData/Local/afreeca:/mnt/c/Users/PJH/AppData/Local/SOOP:/mnt/c/Users/PJH/AppData/Local/Programs/Microsoft VS Code/bin:/snap/bin:/home/qkenrrltk2/.local/bin', 'WT_SESSION': 'ae539ccc-3b6e-409e-b343-ae95bdb8b06a', 'XDG_RUNTIME_DIR': '/run/user/1000', 'DISPLAY': ':0', 'LANG': 'C.UTF-8', 'LS_COLORS': 'rs=0:di=01;34:ln=01;36:mh=00:pi=40;33:so=01;35:do=01;35:bd=40;33;01:cd=40;33;01:or=40;31;01:mi=00:su=37;41:sg=30;43:ca=30;41:tw=30;42:ow=34;42:st=37;44:ex=01;32:*.tar=01;31:*.tgz=01;31:*.arc=01;31:*.arj=01;31:*.taz=01;31:*.lha=01;31:*.lz4=01;31:*.lzh=01;31:*.lzma=01;31:*.tlz=01;31:*.txz=01;31:*.tzo=01;31:*.t7z=01;31:*.zip=01;31:*.z=01;31:*.dz=01;31:*.gz=01;31:*.lrz=01;31:*.lz=01;31:*.lzo=01;31:*.xz=01;31:*.zst=01;31:*.tzst=01;31:*.bz2=01;31:*.bz=01;31:*.tbz=01;31:*.tbz2=01;31:*.tz=01;31:*.deb=01;31:*.rpm=01;31:*.jar=01;31:*.war=01;31:*.ear=01;31:*.sar=01;31:*.rar=01;31:*.alz=01;31:*.ace=01;31:*.zoo=01;31:*.cpio=01;31:*.7z=01;31:*.rz=01;31:*.cab=01;31:*.wim=01;31:*.swm=01;31:*.dwm=01;31:*.esd=01;31:*.jpg=01;35:*.jpeg=01;35:*.mjpg=01;35:*.mjpeg=01;35:*.gif=01;35:*.bmp=01;35:*.pbm=01;35:*.pgm=01;35:*.ppm=01;35:*.tga=01;35:*.xbm=01;35:*.xpm=01;35:*.tif=01;35:*.tiff=01;35:*.png=01;35:*.svg=01;35:*.svgz=01;35:*.mng=01;35:*.pcx=01;35:*.mov=01;35:*.mpg=01;35:*.mpeg=01;35:*.m2v=01;35:*.mkv=01;35:*.webm=01;35:*.webp=01;35:*.ogm=01;35:*.mp4=01;35:*.m4v=01;35:*.mp4v=01;35:*.vob=01;35:*.qt=01;35:*.nuv=01;35:*.wmv=01;35:*.asf=01;35:*.rm=01;35:*.rmvb=01;35:*.flc=01;35:*.avi=01;35:*.fli=01;35:*.flv=01;35:*.gl=01;35:*.dl=01;35:*.xcf=01;35:*.xwd=01;35:*.yuv=01;35:*.cgm=01;35:*.emf=01;35:*.ogv=01;35:*.ogx=01;35:*.aac=00;36:*.au=00;36:*.flac=00;36:*.m4a=00;36:*.mid=00;36:*.midi=00;36:*.mka=00;36:*.mp3=00;36:*.mpc=00;36:*.ogg=00;36:*.ra=00;36:*.wav=00;36:*.oga=00;36:*.opus=00;36:*.spx=00;36:*.xspf=00;36:', 'ROS_DOMAIN_ID': '7', 'AMENT_PREFIX_PATH': '/home/qkenrrltk2/xycar_ws/src/install/my_lidar:/home/qkenrrltk2/xycar_ws/src/install/my_cam:/home/qkenrrltk2/xycar_ws/src/install/kookmin9_viewer:/home/qkenrrltk2/xycar_ws/src/install/xycar_msgs:/home/qkenrrltk2/xycar_ws/src/install/track_drive:/home/qkenrrltk2/xycar_ws/src/install/ros_tcp_endpoint:/home/qkenrrltk2/xycar_ws/src/install/recognition:/home/qkenrrltk2/xycar_ws/src/install/my_motor:/home/qkenrrltk2/xycar_ws/src/install/my_imu:/home/qkenrrltk2/xycar_ws/install/my_lidar:/home/qkenrrltk2/xycar_ws/install/my_cam:/home/qkenrrltk2/xycar_ws/install/kookmin9_viewer:/home/qkenrrltk2/xycar_ws/install/xycar_msgs:/home/qkenrrltk2/xycar_ws/install/track_drive:/home/qkenrrltk2/xycar_ws/install/ros_tcp_endpoint:/home/qkenrrltk2/xycar_ws/install/my_motor:/home/qkenrrltk2/xycar_ws/install/my_imu:/opt/ros/humble', 'SHELL': '/bin/bash', 'LESSCLOSE': '/usr/bin/lesspipe %s %s', 'PWD': '/home/qkenrrltk2/xycar_ws/src/build/my_lidar', 'XDG_DATA_DIRS': '/usr/local/share:/usr/share:/var/lib/snapd/desktop', 'PYTHONPATH': '/home/qkenrrltk2/xycar_ws/src/build/my_lidar/prefix_override:/usr/lib/python3/dist-packages/colcon_core/task/python/colcon_distutils_commands:/home/qkenrrltk2/xycar_ws/src/install/my_lidar/lib/python3.10/site-packages:/home/qkenrrltk2/xycar_ws/src/install/my_lidar/lib/python3.10/site-packages:/home/qkenrrltk2/xycar_ws/src/install/my_cam/lib/python3.10/site-packages:/home/qkenrrltk2/xycar_ws/src/install/kookmin9_viewer/lib/python3.10/site-packages:/home/qkenrrltk2/xycar_ws/src/install/xycar_msgs/local/lib/python3.10/dist-packages:/home/qkenrrltk2/xycar_ws/src/install/track_drive/lib/python3.10/site-packages:/home/qkenrrltk2/xycar_ws/src/install/ros_tcp_endpoint/lib/python3.10/site-packages:/home/qkenrrltk2/xycar_ws/src/install/recognition/lib/python3.10/site-packages:/home/qkenrrltk2/xycar_ws/src/install/my_motor/lib/python3.10/site-packages:/home/qkenrrltk2/xycar_ws/src/install/my_imu/lib/python3.10/site-packages:/home/qkenrrltk2/xycar_ws/install/my_lidar/lib/python3.10/site-packages:/home/qkenrrltk2/xycar_ws/install/my_cam/lib/python3.10/site-packages:/home/qkenrrltk2/xycar_ws/install/kookmin9_viewer/lib/python3.10/site-packages:/home/qkenrrltk2/xycar_ws/install/xycar_msgs/local/lib/python3.10/dist-packages:/home/qkenrrltk2/xycar_ws/install/track_drive/lib/python3.10/site-packages:/home/qkenrrltk2/xycar_ws/install/ros_tcp_endpoint/lib/python3.10/site-packages:/home/qkenrrltk2/xycar_ws/install/my_motor/lib/python3.10/site-packages:/home/qkenrrltk2/xycar_ws/install/my_imu/lib/python3.10/site-packages:/opt/ros/humble/lib/python3.10/site-packages:/opt/ros/humble/local/lib/python3.10/dist-packages', 'COLCON': '1', 'WSL2_GUI_APPS_ENABLED': '1', 'HOSTTYPE': 'x86_64', 'CMAKE_PREFIX_PATH': '/home/qkenrrltk2/xycar_ws/src/install/xycar_msgs:/home/qkenrrltk2/xycar_ws/install/xycar_msgs', 'WSLENV': 'WT_SESSION:WT_PROFILE_ID:'}, 'shell': False}
[1.994496] (kookmin9_viewer) Command: {'cmd': ['/usr/bin/python3', '-W', 'ignore:setup.py install is deprecated', '-W', 'ignore:easy_install command is deprecated', 'setup.py', 'egg_info', '--egg-base', '../build/kookmin9_viewer', 'build', '--build-base', '/home/qkenrrltk2/xycar_ws/src/build/kookmin9_viewer/build', 'install', '--record', '/home/qkenrrltk2/xycar_ws/src/build/kookmin9_viewer/install.log', '--single-version-externally-managed', 'install_data'], 'cwd': '/home/qkenrrltk2/xycar_ws/src/kookmin9_viewer', 'env': {'LESSOPEN': '| /usr/bin/lesspipe %s', 'USER': 'qkenrrltk2', 'ROS_NAMESPACE': 'xycar', 'SHLVL': '1', 'LD_LIBRARY_PATH': '/home/qkenrrltk2/xycar_ws/src/install/xycar_msgs/lib:/home/qkenrrltk2/xycar_ws/install/xycar_msgs/lib:/opt/ros/humble/opt/rviz_ogre_vendor/lib:/opt/ros/humble/lib/x86_64-linux-gnu:/opt/ros/humble/lib', 'WT_PROFILE_ID': '{61c54bbd-c2c6-5271-96e7-009a87ff44bf}', 'HOME': '/home/qkenrrltk2', 'OLDPWD': '/home/qkenrrltk2/xycar_ws', 'ROS_PYTHON_VERSION': '3', 'DBUS_SESSION_BUS_ADDRESS': 'unix:path=/run/user/1000/bus', 'WSL_DISTRO_NAME': 'Ubuntu-22.04', '_colcon_cd_root': '/home/qkenrrltk2/xycar_ws', 'WAYLAND_DISPLAY': 'wayland-0', 'COLCON_PREFIX_PATH': '/home/qkenrrltk2/xycar_ws/src/install:/home/qkenrrltk2/xycar_ws/install', 'ROS_DISTRO': 'humble', 'LOGNAME': 'qkenrrltk2', 'NAME': 'localhost', 'WSL_INTEROP': '/run/WSL/449_interop', 'PULSE_SERVER': 'unix:/mnt/wslg/PulseServer', '_': '/usr/bin/colcon', 'ROS_VERSION': '2', 'TERM': 'xterm-256color', 'ROS_LOCALHOST_ONLY': '0', 'PATH': '/home/qkenrrltk2/.local/bin:/opt/ros/humble/bin:/usr/local/sbin:/usr/local/bin:/usr/sbin:/usr/bin:/sbin:/bin:/usr/games:/usr/local/games:/usr/lib/wsl/lib:/mnt/c/WINDOWS/system32:/mnt/c/WINDOWS:/mnt/c/WINDOWS/System32/Wbem:/mnt/c/WINDOWS/System32/WindowsPowerShell/v1.0/:/mnt/c/WINDOWS/System32/OpenSSH/:/mnt/c/Program Files/MATLAB/R2024a/bin:/mnt/c/msys64/ucrt64/bin:/mnt/c/Program Files (x86)/Windows Kits/10/Windows Performance Toolkit/:/mnt/c/Program Files (x86)/NVIDIA Corporation/PhysX/Common:/mnt/c/Program Files/NVIDIA Corporation/NVIDIA app/NvDLISR:/mnt/c/Program Files/dotnet/:/mnt/c/Users/PJH/AppData/Local/Programs/Python/Python313/Scripts/:/mnt/c/Users/PJH/AppData/Local/Programs/Python/Python313/:/mnt/c/Users/PJH/AppData/Local/Microsoft/WindowsApps:/mnt/c/Users/PJH/AppData/Local/afreeca:/mnt/c/Users/PJH/AppData/Local/SOOP:/mnt/c/Users/PJH/AppData/Local/Programs/Microsoft VS Code/bin:/snap/bin:/home/qkenrrltk2/.local/bin', 'WT_SESSION': 'ae539ccc-3b6e-409e-b343-ae95bdb8b06a', 'XDG_RUNTIME_DIR': '/run/user/1000', 'DISPLAY': ':0', 'LANG': 'C.UTF-8', 'LS_COLORS': 'rs=0:di=01;34:ln=01;36:mh=00:pi=40;33:so=01;35:do=01;35:bd=40;33;01:cd=40;33;01:or=40;31;01:mi=00:su=37;41:sg=30;43:ca=30;41:tw=30;42:ow=34;42:st=37;44:ex=01;32:*.tar=01;31:*.tgz=01;31:*.arc=01;31:*.arj=01;31:*.taz=01;31:*.lha=01;31:*.lz4=01;31:*.lzh=01;31:*.lzma=01;31:*.tlz=01;31:*.txz=01;31:*.tzo=01;31:*.t7z=01;31:*.zip=01;31:*.z=01;31:*.dz=01;31:*.gz=01;31:*.lrz=01;31:*.lz=01;31:*.lzo=01;31:*.xz=01;31:*.zst=01;31:*.tzst=01;31:*.bz2=01;31:*.bz=01;31:*.tbz=01;31:*.tbz2=01;31:*.tz=01;31:*.deb=01;31:*.rpm=01;31:*.jar=01;31:*.war=01;31:*.ear=01;31:*.sar=01;31:*.rar=01;31:*.alz=01;31:*.ace=01;31:*.zoo=01;31:*.cpio=01;31:*.7z=01;31:*.rz=01;31:*.cab=01;31:*.wim=01;31:*.swm=01;31:*.dwm=01;31:*.esd=01;31:*.jpg=01;35:*.jpeg=01;35:*.mjpg=01;35:*.mjpeg=01;35:*.gif=01;35:*.bmp=01;35:*.pbm=01;35:*.pgm=01;35:*.ppm=01;35:*.tga=01;35:*.xbm=01;35:*.xpm=01;35:*.tif=01;35:*.tiff=01;35:*.png=01;35:*.svg=01;35:*.svgz=01;35:*.mng=01;35:*.pcx=01;35:*.mov=01;35:*.mpg=01;35:*.mpeg=01;35:*.m2v=01;35:*.mkv=01;35:*.webm=01;35:*.webp=01;35:*.ogm=01;35:*.mp4=01;35:*.m4v=01;35:*.mp4v=01;35:*.vob=01;35:*.qt=01;35:*.nuv=01;35:*.wmv=01;35:*.asf=01;35:*.rm=01;35:*.rmvb=01;35:*.flc=01;35:*.avi=01;35:*.fli=01;35:*.flv=01;35:*.gl=01;35:*.dl=01;35:*.xcf=01;35:*.xwd=01;35:*.yuv=01;35:*.cgm=01;35:*.emf=01;35:*.ogv=01;35:*.ogx=01;35:*.aac=00;36:*.au=00;36:*.flac=00;36:*.m4a=00;36:*.mid=00;36:*.midi=00;36:*.mka=00;36:*.mp3=00;36:*.mpc=00;36:*.ogg=00;36:*.ra=00;36:*.wav=00;36:*.oga=00;36:*.opus=00;36:*.spx=00;36:*.xspf=00;36:', 'ROS_DOMAIN_ID': '7', 'AMENT_PREFIX_PATH': '/home/qkenrrltk2/xycar_ws/src/install/my_lidar:/home/qkenrrltk2/xycar_ws/src/install/my_cam:/home/qkenrrltk2/xycar_ws/src/install/kookmin9_viewer:/home/qkenrrltk2/xycar_ws/src/install/xycar_msgs:/home/qkenrrltk2/xycar_ws/src/install/track_drive:/home/qkenrrltk2/xycar_ws/src/install/ros_tcp_endpoint:/home/qkenrrltk2/xycar_ws/src/install/recognition:/home/qkenrrltk2/xycar_ws/src/install/my_motor:/home/qkenrrltk2/xycar_ws/src/install/my_imu:/home/qkenrrltk2/xycar_ws/install/my_lidar:/home/qkenrrltk2/xycar_ws/install/my_cam:/home/qkenrrltk2/xycar_ws/install/kookmin9_viewer:/home/qkenrrltk2/xycar_ws/install/xycar_msgs:/home/qkenrrltk2/xycar_ws/install/track_drive:/home/qkenrrltk2/xycar_ws/install/ros_tcp_endpoint:/home/qkenrrltk2/xycar_ws/install/my_motor:/home/qkenrrltk2/xycar_ws/install/my_imu:/opt/ros/humble', 'SHELL': '/bin/bash', 'LESSCLOSE': '/usr/bin/lesspipe %s %s', 'PWD': '/home/qkenrrltk2/xycar_ws/src/build/kookmin9_viewer', 'XDG_DATA_DIRS': '/usr/local/share:/usr/share:/var/lib/snapd/desktop', 'PYTHONPATH': '/home/qkenrrltk2/xycar_ws/src/build/kookmin9_viewer/prefix_override:/usr/lib/python3/dist-packages/colcon_core/task/python/colcon_distutils_commands:/home/qkenrrltk2/xycar_ws/src/install/kookmin9_viewer/lib/python3.10/site-packages:/home/qkenrrltk2/xycar_ws/src/install/my_lidar/lib/python3.10/site-packages:/home/qkenrrltk2/xycar_ws/src/install/my_cam/lib/python3.10/site-packages:/home/qkenrrltk2/xycar_ws/src/install/kookmin9_viewer/lib/python3.10/site-packages:/home/qkenrrltk2/xycar_ws/src/install/xycar_msgs/local/lib/python3.10/dist-packages:/home/qkenrrltk2/xycar_ws/src/install/track_drive/lib/python3.10/site-packages:/home/qkenrrltk2/xycar_ws/src/install/ros_tcp_endpoint/lib/python3.10/site-packages:/home/qkenrrltk2/xycar_ws/src/install/recognition/lib/python3.10/site-packages:/home/qkenrrltk2/xycar_ws/src/install/my_motor/lib/python3.10/site-packages:/home/qkenrrltk2/xycar_ws/src/install/my_imu/lib/python3.10/site-packages:/home/qkenrrltk2/xycar_ws/install/my_lidar/lib/python3.10/site-packages:/home/qkenrrltk2/xycar_ws/install/my_cam/lib/python3.10/site-packages:/home/qkenrrltk2/xycar_ws/install/kookmin9_viewer/lib/python3.10/site-packages:/home/qkenrrltk2/xycar_ws/install/xycar_msgs/local/lib/python3.10/dist-packages:/home/qkenrrltk2/xycar_ws/install/track_drive/lib/python3.10/site-packages:/home/qkenrrltk2/xycar_ws/install/ros_tcp_endpoint/lib/python3.10/site-packages:/home/qkenrrltk2/xycar_ws/install/my_motor/lib/python3.10/site-packages:/home/qkenrrltk2/xycar_ws/install/my_imu/lib/python3.10/site-packages:/opt/ros/humble/lib/python3.10/site-packages:/opt/ros/humble/local/lib/python3.10/dist-packages', 'COLCON': '1', 'WSL2_GUI_APPS_ENABLED': '1', 'HOSTTYPE': 'x86_64', 'CMAKE_PREFIX_PATH': '/home/qkenrrltk2/xycar_ws/src/install/xycar_msgs:/home/qkenrrltk2/xycar_ws/install/xycar_msgs', 'WSLENV': 'WT_SESSION:WT_PROFILE_ID:'}, 'shell': False}
[2.009773] (-) TimerEvent: {}
[2.110573] (-) TimerEvent: {}
[2.144062] (my_lidar) StdoutLine: {'line': b'running egg_info\n'}
[2.145069] (my_lidar) StdoutLine: {'line': b'writing ../build/my_lidar/my_lidar.egg-info/PKG-INFO\n'}
[2.145361] (my_lidar) StdoutLine: {'line': b'writing dependency_links to ../build/my_lidar/my_lidar.egg-info/dependency_links.txt\n'}
[2.145556] (my_lidar) StdoutLine: {'line': b'writing entry points to ../build/my_lidar/my_lidar.egg-info/entry_points.txt\n'}
[2.145692] (my_lidar) StdoutLine: {'line': b'writing requirements to ../build/my_lidar/my_lidar.egg-info/requires.txt\n'}
[2.145819] (my_lidar) StdoutLine: {'line': b'writing top-level names to ../build/my_lidar/my_lidar.egg-info/top_level.txt\n'}
[2.147256] (my_lidar) StdoutLine: {'line': b"reading manifest file '../build/my_lidar/my_lidar.egg-info/SOURCES.txt'\n"}
[2.147848] (my_lidar) StdoutLine: {'line': b"adding license file 'LICENSE'\n"}
[2.148390] (my_lidar) StdoutLine: {'line': b"writing manifest file '../build/my_lidar/my_lidar.egg-info/SOURCES.txt'\n"}
[2.148605] (my_lidar) StdoutLine: {'line': b'running build\n'}
[2.148777] (my_lidar) StdoutLine: {'line': b'running build_py\n'}
[2.148943] (my_lidar) StdoutLine: {'line': b'running install\n'}
[2.149119] (my_lidar) StdoutLine: {'line': b'running install_lib\n'}
[2.150077] (my_lidar) StdoutLine: {'line': b'running install_data\n'}
[2.150179] (my_lidar) StdoutLine: {'line': b'running install_egg_info\n'}
[2.151457] (my_lidar) StdoutLine: {'line': b"removing '/home/qkenrrltk2/xycar_ws/src/install/my_lidar/lib/python3.10/site-packages/my_lidar-0.0.0-py3.10.egg-info' (and everything under it)\n"}
[2.151735] (my_lidar) StdoutLine: {'line': b'Copying ../build/my_lidar/my_lidar.egg-info to /home/qkenrrltk2/xycar_ws/src/install/my_lidar/lib/python3.10/site-packages/my_lidar-0.0.0-py3.10.egg-info\n'}
[2.152496] (my_lidar) StdoutLine: {'line': b'running install_scripts\n'}
[2.170437] (my_lidar) StdoutLine: {'line': b'Installing lidar_scan script to /home/qkenrrltk2/xycar_ws/src/install/my_lidar/lib/my_lidar\n'}
[2.170727] (my_lidar) StdoutLine: {'line': b'Installing lidar_viewer script to /home/qkenrrltk2/xycar_ws/src/install/my_lidar/lib/my_lidar\n'}
[2.171190] (my_lidar) StdoutLine: {'line': b"writing list of installed files to '/home/qkenrrltk2/xycar_ws/src/build/my_lidar/install.log'\n"}
[2.179015] (kookmin9_viewer) StdoutLine: {'line': b'running egg_info\n'}
[2.179486] (kookmin9_viewer) StdoutLine: {'line': b'writing ../build/kookmin9_viewer/kookmin9_viewer.egg-info/PKG-INFO\n'}
[2.179847] (kookmin9_viewer) StdoutLine: {'line': b'writing dependency_links to ../build/kookmin9_viewer/kookmin9_viewer.egg-info/dependency_links.txt\n'}
[2.180099] (kookmin9_viewer) StdoutLine: {'line': b'writing entry points to ../build/kookmin9_viewer/kookmin9_viewer.egg-info/entry_points.txt\n'}
[2.180151] (kookmin9_viewer) StdoutLine: {'line': b'writing requirements to ../build/kookmin9_viewer/kookmin9_viewer.egg-info/requires.txt\n'}
[2.180178] (kookmin9_viewer) StdoutLine: {'line': b'writing top-level names to ../build/kookmin9_viewer/kookmin9_viewer.egg-info/top_level.txt\n'}
[2.181460] (kookmin9_viewer) StdoutLine: {'line': b"reading manifest file '../build/kookmin9_viewer/kookmin9_viewer.egg-info/SOURCES.txt'\n"}
[2.182118] (kookmin9_viewer) StdoutLine: {'line': b"adding license file 'LICENSE'\n"}
[2.182538] (kookmin9_viewer) StdoutLine: {'line': b"writing manifest file '../build/kookmin9_viewer/kookmin9_viewer.egg-info/SOURCES.txt'\n"}
[2.182733] (kookmin9_viewer) StdoutLine: {'line': b'running build\n'}
[2.182824] (kookmin9_viewer) StdoutLine: {'line': b'running build_py\n'}
[2.183086] (kookmin9_viewer) StdoutLine: {'line': b'running install\n'}
[2.183316] (kookmin9_viewer) StdoutLine: {'line': b'running install_lib\n'}
[2.184731] (kookmin9_viewer) StdoutLine: {'line': b'running install_data\n'}
[2.184879] (kookmin9_viewer) StdoutLine: {'line': b'running install_egg_info\n'}
[2.186056] (kookmin9_viewer) StdoutLine: {'line': b"removing '/home/qkenrrltk2/xycar_ws/src/install/kookmin9_viewer/lib/python3.10/site-packages/kookmin9_viewer-0.1.0-py3.10.egg-info' (and everything under it)\n"}
[2.186371] (kookmin9_viewer) StdoutLine: {'line': b'Copying ../build/kookmin9_viewer/kookmin9_viewer.egg-info to /home/qkenrrltk2/xycar_ws/src/install/kookmin9_viewer/lib/python3.10/site-packages/kookmin9_viewer-0.1.0-py3.10.egg-info\n'}
[2.187572] (kookmin9_viewer) StdoutLine: {'line': b'running install_scripts\n'}
[2.204224] (kookmin9_viewer) StdoutLine: {'line': b'Installing test_viewer script to /home/qkenrrltk2/xycar_ws/src/install/kookmin9_viewer/lib/kookmin9_viewer\n'}
[2.204499] (kookmin9_viewer) StdoutLine: {'line': b"writing list of installed files to '/home/qkenrrltk2/xycar_ws/src/build/kookmin9_viewer/install.log'\n"}
[2.210750] (-) TimerEvent: {}
[2.231419] (kookmin9_viewer) CommandEnded: {'returncode': 0}
[2.238697] (kookmin9_viewer) JobEnded: {'identifier': 'kookmin9_viewer', 'rc': 0}
[2.239195] (my_lidar) CommandEnded: {'returncode': 0}
[2.246112] (my_lidar) JobEnded: {'identifier': 'my_lidar', 'rc': 0}
[2.311067] (-) TimerEvent: {}
[2.411934] (-) TimerEvent: {}
[2.512723] (-) TimerEvent: {}
[2.606281] (my_cam) Command: {'cmd': ['/usr/bin/python3', '-W', 'ignore:setup.py install is deprecated', '-W', 'ignore:easy_install command is deprecated', 'setup.py', 'egg_info', '--egg-base', '../build/my_cam', 'build', '--build-base', '/home/qkenrrltk2/xycar_ws/src/build/my_cam/build', 'install', '--record', '/home/qkenrrltk2/xycar_ws/src/build/my_cam/install.log', '--single-version-externally-managed', 'install_data'], 'cwd': '/home/qkenrrltk2/xycar_ws/src/my_cam', 'env': {'LESSOPEN': '| /usr/bin/lesspipe %s', 'USER': 'qkenrrltk2', 'ROS_NAMESPACE': 'xycar', 'SHLVL': '1', 'LD_LIBRARY_PATH': '/home/qkenrrltk2/xycar_ws/src/install/xycar_msgs/lib:/home/qkenrrltk2/xycar_ws/install/xycar_msgs/lib:/opt/ros/humble/opt/rviz_ogre_vendor/lib:/opt/ros/humble/lib/x86_64-linux-gnu:/opt/ros/humble/lib', 'WT_PROFILE_ID': '{61c54bbd-c2c6-5271-96e7-009a87ff44bf}', 'HOME': '/home/qkenrrltk2', 'OLDPWD': '/home/qkenrrltk2/xycar_ws', 'ROS_PYTHON_VERSION': '3', 'DBUS_SESSION_BUS_ADDRESS': 'unix:path=/run/user/1000/bus', 'WSL_DISTRO_NAME': 'Ubuntu-22.04', '_colcon_cd_root': '/home/qkenrrltk2/xycar_ws', 'WAYLAND_DISPLAY': 'wayland-0', 'COLCON_PREFIX_PATH': '/home/qkenrrltk2/xycar_ws/src/install:/home/qkenrrltk2/xycar_ws/install', 'ROS_DISTRO': 'humble', 'LOGNAME': 'qkenrrltk2', 'NAME': 'localhost', 'WSL_INTEROP': '/run/WSL/449_interop', 'PULSE_SERVER': 'unix:/mnt/wslg/PulseServer', '_': '/usr/bin/colcon', 'ROS_VERSION': '2', 'TERM': 'xterm-256color', 'ROS_LOCALHOST_ONLY': '0', 'PATH': '/home/qkenrrltk2/.local/bin:/opt/ros/humble/bin:/usr/local/sbin:/usr/local/bin:/usr/sbin:/usr/bin:/sbin:/bin:/usr/games:/usr/local/games:/usr/lib/wsl/lib:/mnt/c/WINDOWS/system32:/mnt/c/WINDOWS:/mnt/c/WINDOWS/System32/Wbem:/mnt/c/WINDOWS/System32/WindowsPowerShell/v1.0/:/mnt/c/WINDOWS/System32/OpenSSH/:/mnt/c/Program Files/MATLAB/R2024a/bin:/mnt/c/msys64/ucrt64/bin:/mnt/c/Program Files (x86)/Windows Kits/10/Windows Performance Toolkit/:/mnt/c/Program Files (x86)/NVIDIA Corporation/PhysX/Common:/mnt/c/Program Files/NVIDIA Corporation/NVIDIA app/NvDLISR:/mnt/c/Program Files/dotnet/:/mnt/c/Users/PJH/AppData/Local/Programs/Python/Python313/Scripts/:/mnt/c/Users/PJH/AppData/Local/Programs/Python/Python313/:/mnt/c/Users/PJH/AppData/Local/Microsoft/WindowsApps:/mnt/c/Users/PJH/AppData/Local/afreeca:/mnt/c/Users/PJH/AppData/Local/SOOP:/mnt/c/Users/PJH/AppData/Local/Programs/Microsoft VS Code/bin:/snap/bin:/home/qkenrrltk2/.local/bin', 'WT_SESSION': 'ae539ccc-3b6e-409e-b343-ae95bdb8b06a', 'XDG_RUNTIME_DIR': '/run/user/1000', 'DISPLAY': ':0', 'LANG': 'C.UTF-8', 'LS_COLORS': 'rs=0:di=01;34:ln=01;36:mh=00:pi=40;33:so=01;35:do=01;35:bd=40;33;01:cd=40;33;01:or=40;31;01:mi=00:su=37;41:sg=30;43:ca=30;41:tw=30;42:ow=34;42:st=37;44:ex=01;32:*.tar=01;31:*.tgz=01;31:*.arc=01;31:*.arj=01;31:*.taz=01;31:*.lha=01;31:*.lz4=01;31:*.lzh=01;31:*.lzma=01;31:*.tlz=01;31:*.txz=01;31:*.tzo=01;31:*.t7z=01;31:*.zip=01;31:*.z=01;31:*.dz=01;31:*.gz=01;31:*.lrz=01;31:*.lz=01;31:*.lzo=01;31:*.xz=01;31:*.zst=01;31:*.tzst=01;31:*.bz2=01;31:*.bz=01;31:*.tbz=01;31:*.tbz2=01;31:*.tz=01;31:*.deb=01;31:*.rpm=01;31:*.jar=01;31:*.war=01;31:*.ear=01;31:*.sar=01;31:*.rar=01;31:*.alz=01;31:*.ace=01;31:*.zoo=01;31:*.cpio=01;31:*.7z=01;31:*.rz=01;31:*.cab=01;31:*.wim=01;31:*.swm=01;31:*.dwm=01;31:*.esd=01;31:*.jpg=01;35:*.jpeg=01;35:*.mjpg=01;35:*.mjpeg=01;35:*.gif=01;35:*.bmp=01;35:*.pbm=01;35:*.pgm=01;35:*.ppm=01;35:*.tga=01;35:*.xbm=01;35:*.xpm=01;35:*.tif=01;35:*.tiff=01;35:*.png=01;35:*.svg=01;35:*.svgz=01;35:*.mng=01;35:*.pcx=01;35:*.mov=01;35:*.mpg=01;35:*.mpeg=01;35:*.m2v=01;35:*.mkv=01;35:*.webm=01;35:*.webp=01;35:*.ogm=01;35:*.mp4=01;35:*.m4v=01;35:*.mp4v=01;35:*.vob=01;35:*.qt=01;35:*.nuv=01;35:*.wmv=01;35:*.asf=01;35:*.rm=01;35:*.rmvb=01;35:*.flc=01;35:*.avi=01;35:*.fli=01;35:*.flv=01;35:*.gl=01;35:*.dl=01;35:*.xcf=01;35:*.xwd=01;35:*.yuv=01;35:*.cgm=01;35:*.emf=01;35:*.ogv=01;35:*.ogx=01;35:*.aac=00;36:*.au=00;36:*.flac=00;36:*.m4a=00;36:*.mid=00;36:*.midi=00;36:*.mka=00;36:*.mp3=00;36:*.mpc=00;36:*.ogg=00;36:*.ra=00;36:*.wav=00;36:*.oga=00;36:*.opus=00;36:*.spx=00;36:*.xspf=00;36:', 'ROS_DOMAIN_ID': '7', 'AMENT_PREFIX_PATH': '/home/qkenrrltk2/xycar_ws/src/install/recognition:/home/qkenrrltk2/xycar_ws/src/install/my_lidar:/home/qkenrrltk2/xycar_ws/src/install/my_cam:/home/qkenrrltk2/xycar_ws/src/install/kookmin9_viewer:/home/qkenrrltk2/xycar_ws/src/install/xycar_msgs:/home/qkenrrltk2/xycar_ws/src/install/track_drive:/home/qkenrrltk2/xycar_ws/src/install/ros_tcp_endpoint:/home/qkenrrltk2/xycar_ws/src/install/my_motor:/home/qkenrrltk2/xycar_ws/src/install/my_imu:/home/qkenrrltk2/xycar_ws/install/my_lidar:/home/qkenrrltk2/xycar_ws/install/my_cam:/home/qkenrrltk2/xycar_ws/install/kookmin9_viewer:/home/qkenrrltk2/xycar_ws/install/xycar_msgs:/home/qkenrrltk2/xycar_ws/install/track_drive:/home/qkenrrltk2/xycar_ws/install/ros_tcp_endpoint:/home/qkenrrltk2/xycar_ws/install/my_motor:/home/qkenrrltk2/xycar_ws/install/my_imu:/opt/ros/humble', 'SHELL': '/bin/bash', 'LESSCLOSE': '/usr/bin/lesspipe %s %s', 'PWD': '/home/qkenrrltk2/xycar_ws/src/build/my_cam', 'XDG_DATA_DIRS': '/usr/local/share:/usr/share:/var/lib/snapd/desktop', 'PYTHONPATH': '/home/qkenrrltk2/xycar_ws/src/build/my_cam/prefix_override:/usr/lib/python3/dist-packages/colcon_core/task/python/colcon_distutils_commands:/home/qkenrrltk2/xycar_ws/src/install/my_cam/lib/python3.10/site-packages:/home/qkenrrltk2/xycar_ws/src/install/recognition/lib/python3.10/site-packages:/home/qkenrrltk2/xycar_ws/src/install/my_lidar/lib/python3.10/site-packages:/home/qkenrrltk2/xycar_ws/src/install/my_cam/lib/python3.10/site-packages:/home/qkenrrltk2/xycar_ws/src/install/kookmin9_viewer/lib/python3.10/site-packages:/home/qkenrrltk2/xycar_ws/src/install/xycar_msgs/local/lib/python3.10/dist-packages:/home/qkenrrltk2/xycar_ws/src/install/track_drive/lib/python3.10/site-packages:/home/qkenrrltk2/xycar_ws/src/install/ros_tcp_endpoint/lib/python3.10/site-packages:/home/qkenrrltk2/xycar_ws/src/install/my_motor/lib/python3.10/site-packages:/home/qkenrrltk2/xycar_ws/src/install/my_imu/lib/python3.10/site-packages:/home/qkenrrltk2/xycar_ws/install/my_lidar/lib/python3.10/site-packages:/home/qkenrrltk2/xycar_ws/install/my_cam/lib/python3.10/site-packages:/home/qkenrrltk2/xycar_ws/install/kookmin9_viewer/lib/python3.10/site-packages:/home/qkenrrltk2/xycar_ws/install/xycar_msgs/local/lib/python3.10/dist-packages:/home/qkenrrltk2/xycar_ws/install/track_drive/lib/python3.10/site-packages:/home/qkenrrltk2/xycar_ws/install/ros_tcp_endpoint/lib/python3.10/site-packages:/home/qkenrrltk2/xycar_ws/install/my_motor/lib/python3.10/site-packages:/home/qkenrrltk2/xycar_ws/install/my_imu/lib/python3.10/site-packages:/opt/ros/humble/lib/python3.10/site-packages:/opt/ros/humble/local/lib/python3.10/dist-packages', 'COLCON': '1', 'WSL2_GUI_APPS_ENABLED': '1', 'HOSTTYPE': 'x86_64', 'CMAKE_PREFIX_PATH': '/home/qkenrrltk2/xycar_ws/src/install/xycar_msgs:/home/qkenrrltk2/xycar_ws/install/xycar_msgs', 'WSLENV': 'WT_SESSION:WT_PROFILE_ID:'}, 'shell': False}
[2.612866] (-) TimerEvent: {}
[2.713362] (-) TimerEvent: {}
[2.788478] (my_cam) StdoutLine: {'line': b'running egg_info\n'}
[2.788994] (my_cam) StdoutLine: {'line': b'writing ../build/my_cam/my_cam.egg-info/PKG-INFO\n'}
[2.789208] (my_cam) StdoutLine: {'line': b'writing dependency_links to ../build/my_cam/my_cam.egg-info/dependency_links.txt\n'}
[2.789415] (my_cam) StdoutLine: {'line': b'writing entry points to ../build/my_cam/my_cam.egg-info/entry_points.txt\n'}
[2.789554] (my_cam) StdoutLine: {'line': b'writing requirements to ../build/my_cam/my_cam.egg-info/requires.txt\n'}
[2.789624] (my_cam) StdoutLine: {'line': b'writing top-level names to ../build/my_cam/my_cam.egg-info/top_level.txt\n'}
[2.792558] (my_cam) StdoutLine: {'line': b"reading manifest file '../build/my_cam/my_cam.egg-info/SOURCES.txt'\n"}
[2.793025] (my_cam) StdoutLine: {'line': b"adding license file 'LICENSE'\n"}
[2.793352] (my_cam) StdoutLine: {'line': b"writing manifest file '../build/my_cam/my_cam.egg-info/SOURCES.txt'\n"}
[2.793515] (my_cam) StdoutLine: {'line': b'running build\n'}
[2.793551] (my_cam) StdoutLine: {'line': b'running build_py\n'}
[2.793674] (my_cam) StdoutLine: {'line': b'running install\n'}
[2.793871] (my_cam) StdoutLine: {'line': b'running install_lib\n'}
[2.795167] (my_cam) StdoutLine: {'line': b'running install_data\n'}
[2.795468] (my_cam) StdoutLine: {'line': b'running install_egg_info\n'}
[2.796561] (my_cam) StdoutLine: {'line': b"removing '/home/qkenrrltk2/xycar_ws/src/install/my_cam/lib/python3.10/site-packages/my_cam-0.0.0-py3.10.egg-info' (and everything under it)\n"}
[2.796797] (my_cam) StdoutLine: {'line': b'Copying ../build/my_cam/my_cam.egg-info to /home/qkenrrltk2/xycar_ws/src/install/my_cam/lib/python3.10/site-packages/my_cam-0.0.0-py3.10.egg-info\n'}
[2.797589] (my_cam) StdoutLine: {'line': b'running install_scripts\n'}
[2.813609] (-) TimerEvent: {}
[2.813876] (my_cam) StdoutLine: {'line': b'Installing cam_viewer script to /home/qkenrrltk2/xycar_ws/src/install/my_cam/lib/my_cam\n'}
[2.814210] (my_cam) StdoutLine: {'line': b"writing list of installed files to '/home/qkenrrltk2/xycar_ws/src/build/my_cam/install.log'\n"}
[2.834838] (my_cam) CommandEnded: {'returncode': 0}
[2.842091] (my_cam) JobEnded: {'identifier': 'my_cam', 'rc': 0}
[2.843418] (-) EventReactorShutdown: {}
